tau11,tau12,tau13,tau22,tau23,tau33,azimuth sigma 1,plunge sigma 1,azimuth sigma 2,plunge sigma 2,azimuth sigma 3,plunge sigma 3,shape ratio,friction,SHmax,principal strike 1,principal dip 1,principal rake 1,principal strike 2,principal dip 2,principal rake 2
0.7410276900672472,0.556483418267815,-0.08527989713829587,-0.20752113568132505,0.05029937064392092,-0.5335065543859271,297.8853803098209,56.754684194513516,113.2828872924922,33.16052323529156,204.6626297429927,2.1104823554008334,0.11177708187561405,0.55,24.78001165353871,97.01901363324437,66.7989107320154,-126.52081457028063,312.9189043256508,62.78316696307742,-52.041697457733
0.891791310834694,0.33540483376071306,0.004151995757959056,-0.11679775267478747,-0.38296383251165594,-0.774993558159907,100.50653147250048,63.56840576648965,289.72856162319033,26.13565149405035,197.92411631096513,3.6718942597898803,0.47137372358473006,0.9499999999999998,16.813881874006356,118.4224226623455,72.87801633948591,-62.553119711239304,276.9063035083194,65.66288329645792,-118.91161176703812
0.7808811850272301,0.5251588598118049,-0.1478910428550718,-0.28176851509718076,0.17455152556695597,-0.49911266993004905,294.71160753707704,45.27188812393181,109.21900512764202,44.59628333764275,201.93289909097444,2.7492701461105042,0.253197384863178,0.45,22.332803287284513,87.93488082933492,69.78907429274797,-138.4324563696378,316.8852189827155,64.7837954015099,-39.098738675063636
0.4813359707387287,0.6959696330689172,-0.21572875116398388,-0.001420803013033836,-0.01692959265840074,-0.47991516772569504,312.2538801892356,45.43182356058917,117.98475650520032,43.67089178576028,214.89891267175406,7.187113687378371,0.13717964026585364,0.7999999999999999,35.43613482309616,106.9935224046593,78.70570990040324,-134.76103575802634,324.3162881596718,65.0787187260732,-40.4111692097323
0.7493855039313797,0.5812513145848589,0.05949841472625483,-0.45565085146649564,0.23298301498246868,-0.2937346524648836,290.05172773428524,22.581150105575446,127.59709451079894,66.43485981211944,22.72086982260742,6.389215642623583,0.30599135232545227,0.9499999999999998,21.985385271002258,314.0851904268055,87.17844739900674,-23.405182650494357,90.62446156188574,75.30112091536341,-161.3732046184913
0.7450316181375387,0.5616756806263936,-0.16110559829509188,-0.2844092712412381,0.1019705151676671,-0.460622346896301,296.7619728963926,39.23811751243168,108.19563329108244,50.44662410918539,203.312873664526,4.2131136701707135,0.1937862145476564,0.6499999999999999,23.748904662664145,91.00475815928063,76.28234048651858,-142.52983987177157,316.66000242737573,68.51366316680192,-34.04312618804496
0.5169615997229973,0.5967149155002558,-0.30883463524437443,-0.6191312429694996,0.2682424279077679,0.10216964324650232,295.15970015459476,18.747944735333334,72.65009379964721,65.27712267113336,199.75047698828973,15.522047793565164,0.6462292303611517,0.9499999999999998,23.204973667624117,267.7530093033717,83.15907073455962,156.18505908739482,313.37702857528484,68.11788471700228,-11.800397432179633
0.7487051891254941,0.52273809744984,0.169830940438704,-0.8085299221490881,-0.14089463053767345,0.059824733023593556,107.57661075933682,9.933231024316328,247.4358143371943,77.09712618715099,16.139163867944237,8.151774987232926,0.5582002249256597,0.75,16.938053187170862,79.97685749219411,87.15228821236413,167.41009723879776,132.87179424222802,78.23075689124512,-5.326296274541398
0.7685554717017863,0.4488588833392882,0.21135206969933384,-0.23759965054040172,0.2909297405042505,-0.5309558211613847,275.12412690106663,56.119371119526505,119.50394220055158,31.450159753777676,22.470707761681723,11.321108175904598,0.2485369451662242,0.75,20.870086166482665,306.51422411245204,78.71470782016762,-57.85635079349422,95.95768739711049,56.84815500591686,-128.550065983811
0.7738298931499815,0.5264388515531415,0.032576836093960115,-0.32072020982956867,0.29583694636747276,-0.453109683320413,287.9015347545345,41.21509801748425,119.34526190963324,48.213942115546395,22.92386612788242,5.7076184148819635,0.29843008404013094,0.7,21.944136613122335,313.68246980153634,77.5217300253502,-40.210498509063484,90.8221888415992,66.89028734297885,-144.16361474692428
0.5715196234966956,0.7201290293138092,-0.06855558215638669,-0.2262019756941128,0.26092773303013683,-0.34531764780258517,299.16308965845406,29.891279434037926,126.58698105536735,59.899891524492844,31.016617325074737,3.220560538481223,0.33316677669888467,0.8999999999999999,30.50953405261,321.9109883253777,81.290186694272,-28.926156018211863,99.64017231402747,75.28147876067116,-153.4446608903464
0.5526522288127586,0.21519411093232024,-0.44593967445879956,-0.02968899619832266,-0.6346846885252132,-0.5229632326144352,71.5867302800557,57.29957779582008,310.17720409389256,18.49914697660398,210.81520004861474,25.928949006870383,0.5516169132801361,0.6499999999999999,18.233411378307473,130.50441917534977,89.02210909785225,-71.49806059006814,285.0304774465784,38.21545870928375,-120.85720552752178
0.5317469640718916,0.7478117342351707,0.06735659260187525,-0.2383424530642772,0.13027739523624127,-0.2934045110076144,300.58427848949987,10.621545152921826,148.7940869753766,77.98603438257327,31.628338546510758,5.549578450208585,0.24427901334380545,0.6499999999999999,31.3781382312633,329.58006096427613,89.83274154840659,-12.012818386789474,93.21077396908201,80.04270974181681,-173.2436212116959
0.6841372232191772,0.41274150819376915,0.3796587342687698,0.18251926317647824,0.13021411797982968,-0.8666564863956565,188.54138451659105,77.28750646062315,297.6207117573709,4.21734626947169,28.51651847974278,11.970454887805914,0.4660351131290632,0.8499999999999999,29.35718637759573,296.6624031367284,77.220993035273,-94.32466250831476,120.77208890240891,53.29489185919633,-84.73699307422807
0.6358567457780785,0.7426254860624943,-0.12203149571685594,-0.5152799514023692,0.2197297135860601,-0.12057679437570885,296.22487333284727,16.74766131252089,113.7679620190017,73.23779307749568,206.0207405075172,0.6783263247297526,0.4653208072930678,0.9499999999999998,26.111348149559372,93.70130332791847,84.09970970156151,-164.28260733622938,318.3992079083471,82.84495312716008,-15.1981744736262
0.6708296605127487,0.4818181011312643,0.2503826385891772,0.07715161854575628,0.21566553447580944,-0.7479812790585054,239.12990663433936,77.97866881825365,120.8455807730704,5.761857244353166,29.772504030128847,10.514394208553895,0.3468864039513336,0.75,29.181781367923797,302.49416473963447,74.08631546254317,-84.00769998117039,116.4983436959682,53.0854269832182,-97.21343850040267
0.8501986831851184,0.38742977466273154,0.040519977280917815,-0.049354381524359336,0.18631859336865997,-0.8008443016607594,277.56755624164134,75.84499781426365,111.6263689147382,13.747334909646312,20.816150902801038,3.3079641676239504,0.3749344586365855,0.9499999999999998,20.37052224739128,296.52412075691035,70.7619986186372,-75.42211032386383,104.82825652563939,64.18040530678424,-105.30726816563538
0.8879349686959301,0.3333219630445407,0.18084900665900214,-0.41157293199467493,0.16755067443635854,-0.4763620367012554,275.4265125817577,46.30518332442539,111.97701988229508,42.48540097381355,14.257022290450127,8.344231403613193,0.14745029175593552,0.6,13.578848504663737,304.47492978861396,76.70573122851357,-46.05239822057519,81.67603413868557,61.14992834225455,-140.45350506957115
0.8818767490651067,0.3078460337290381,0.17933541477596285,-0.2801606108936009,0.32968548598164565,-0.601716138171506,270.7836596047342,57.793416602604744,111.422433534321,30.51799974940821,15.874914011366426,9.313455017348502,0.3405415281669453,0.6,13.958181360467748,301.16996923516865,73.97487194205668,-58.10664071171072,88.08922537101132,56.1019062998187,-127.71943317388957
0.7379889334644871,0.6387241263988377,0.02849644213788091,-0.6127436059280399,-0.31942484864598625,-0.12524532753645454,110.73661170232644,19.90285535782266,305.65881558069026,69.45967259850599,202.50557672044985,4.873388411387239,0.48348740933696355,0.9499999999999998,21.701388159947673,134.30397144798715,86.7764540347525,-20.29660635049804,270.20855806900187,77.73929073166967,-163.39196848855818
0.7439857652400835,0.31875841587528864,0.2393526224289296,0.1484365469970373,0.3291711215170818,-0.8924223122371214,251.14853242366405,74.53568199329546,118.03842455734974,10.70631146250875,25.92702263015363,11.026821214366592,0.5378197061463554,0.9499999999999998,23.474659588282154,300.3016091653751,78.20238228099824,-79.05982862873985,110.77330087939188,56.22258099130592,-102.9147478036902
0.2016555916358095,0.7710511814785865,-0.22437093162854488,0.20397680246711786,-0.045820606314929034,-0.4056323941029273,319.0245251014094,30.44648048681158,121.57931375374245,58.361662582871666,224.4112025204147,7.791754247457419,0.17375025258797655,0.4,45.04312148361421,105.13455526445809,80.10601161195649,-149.79484166074798,346.0612818956945,66.64962633541401,-21.978291700042842
0.762579306130791,0.5193801791396555,-0.14417970630349947,-0.14253663029238614,0.21681023915717518,-0.6200426758384047,296.56465685773384,57.5925965404084,113.22785149619511,32.363430449697915,204.18494976613513,1.5098555367143973,0.3184564040694125,0.5,24.466491063927965,96.09982413330897,65.0745074301868,-126.17597837216042,312.7405158093169,62.207763975143024,-52.76480779443607
0.9440618324017214,0.227268465007361,0.21588494025665755,-0.20260812185366053,-0.37348476494851385,-0.7414537105480593,108.2103266354008,60.710376549642454,276.38106720335213,28.76779988348156,9.158295532291332,5.043444299938102,0.483550839993,0.9499999999999998,10.811621647577851,267.76384105752186,74.7352599400521,-119.92468109786418,111.31212511346632,64.85932743896977,-57.88481084861473
0.671593399142383,0.6868471667952144,-0.25012385680922633,-0.5553492525233676,0.26799370302516556,-0.11624414661901587,295.4752731410334,21.578525616277446,97.05762262303405,67.37138549595026,202.89635477030194,6.490633953375735,0.5055948221837198,0.9499999999999998,24.114862901108356,91.37885225289791,87.63804047991067,-157.48854869314357,315.1302008602143,75.58411796571805,-17.631376177011152
0.7796481189695089,0.5934324499433674,0.06528282200199628,-0.5990648790216808,-0.2078610531306331,-0.1805832399478282,110.25760972486185,17.13498165950797,292.2170337013815,72.85558112468219,200.4277598300576,0.551864528313402,0.4096640724601212,0.75,20.361755314598447,135.9358860073059,82.92636003489676,-15.657193886046905,264.8563787875264,81.93047448027906,-164.8228442878292
0.7147391155442187,0.5773063025326763,0.03409232964393509,-0.298449765911826,0.3596519844010049,-0.4162893496323931,289.67812003802965,39.23987066736058,124.9022740881295,49.753930196259475,25.893000631737948,7.550453335221263,0.34880630099851045,0.7,24.366295476814393,317.06586231228806,79.88768171510831,-39.1658509425607,92.96393425954606,65.87837656464727,-146.75173272885053
0.8995150671431658,0.39703825619294786,-0.0347580874915836,-0.7801165539198043,-0.346421354595783,-0.11939851322336086,101.446494554539,20.805454765549214,298.7656748667513,68.29650385160042,193.69946891826746,5.906753438031316,0.496098073311581,0.9499999999999998,12.651648933799978,125.34525531968832,87.38876320973979,-21.553374132445832,261.42329105546554,76.42687257691217,-162.9022383258724
0.9463447892880416,0.2595761184416256,0.09075650869683638,-0.5418689019325196,0.15915745971464215,-0.40447588735552226,277.3637968944576,29.26868828239293,108.43890194618879,60.26968682537856,10.042584264385562,4.766891198735337,0.1985851670467435,0.6,9.615472209603261,305.86367126168136,80.29543253332237,-28.239677323047854,73.1657260727244,71.74789730428104,-156.11692056431988
0.6335051041220309,0.6592044843161886,-0.1990739522609946,-0.19827543360993366,0.22884950596197218,-0.43522967051209765,300.52538868195745,39.06855819417062,115.11969233063552,50.80641945951284,208.37278522831195,2.649236455535444,0.335767307621965,0.8499999999999999,28.876143464985308,98.8593981111023,77.13915714945303,-142.6512867476227,318.3783861423467,72.15220628912593,-35.4917223036066
0.8251603678944368,0.46970712734930986,-0.0015595280880113067,-0.262161048712171,-0.017159996308684918,-0.5629993191822662,108.168950849674,83.07089955106699,290.44913763700566,6.923667353319985,200.41598547144235,0.2730070546697476,0.08297114935512864,0.6,20.413033319445542,114.31020148173086,60.990550237848886,-82.07710108562331,286.50091956375024,60.445803526714094,-97.96552703802695
0.6797362086056368,0.6680203695158332,-0.044116474075940826,-0.4030627652261364,-0.018861574181705955,-0.2766734433794991,295.4954732953413,0.2530366015065937,32.203174998556456,87.83468670220391,205.48597163183814,2.1504636675306017,0.2573692193505045,0.7999999999999999,25.488419591851976,269.802115559123,88.17153707339125,178.83993021867093,321.17339775289014,87.95218695914674,0.7037430857881929
0.7127434107029449,0.24747791147019188,0.10049954364102606,0.27384273659183966,-0.08194837737793816,-0.9865861472947856,131.90969175408293,84.02283280871961,293.7086718285305,5.680115080624276,23.893216994738786,1.8547682232106268,0.6429938534423261,0.75,24.21754142002806,291.1020526634184,65.42820615534292,-96.24787117962,116.77564483837287,61.723211181895024,-83.54715649525961
0.8508540624244992,0.28643420725935154,0.2967736201232414,0.09586020510626157,0.12297612589216292,-0.9467142675307607,206.18557718422,80.57203596247105,108.9978634501005,1.1902235079065377,18.801836642612695,9.351170822433673,0.49996033958093344,0.9499999999999998,18.595109535153618,289.2919756836098,76.12186156435382,-88.77398141876526,108.23714585915918,57.42029439628386,-91.41252964837383
0.8604429767106899,0.3807605830423471,-0.016747191817836727,-0.039493170313427,0.011452021715208963,-0.8209498063972629,304.2499156024024,88.48171284524368,110.10413288541892,1.4722687781448656,200.1136655026355,0.3708907617873507,0.35296103440612736,0.6499999999999999,20.118860596763835,109.3175873388245,61.893053248620696,-91.6691593939509,290.91535404002053,61.151343826325316,-88.31907457951654
0.7363405600713644,0.35261971907569006,0.22086907689447466,-0.042410492580803635,0.5411201595890386,-0.69393006749056,268.62438067626977,60.738347328852925,123.5780242667883,24.665813787676527,26.637085681302498,14.743238404448164,0.5165084517957679,0.9499999999999998,21.082044425337617,306.4994606863193,83.66701924842796,-65.17253153810384,104.59589011141433,54.689760153509674,-120.757535383228
0.7245006974761863,0.5767119511262656,-0.059407814038382904,-0.262245303627047,-0.15797261387353506,-0.4622553938491387,111.36147620871395,38.24008166890744,301.02574409598486,51.361139016338136,205.09417124715725,4.722514042382201,0.1498425228728876,0.6,24.726622790390977,138.4922209048648,76.5076104857309,-36.55682180435521,270.4584761336314,67.87654398396067,-147.47707561896524
0.7561372367975243,0.13762043247746583,0.429732277605346,0.012934992748641875,0.38869922547909525,-0.7690722295461655,238.51767695236103,67.44156426353933,110.35958690399232,14.39447222849006,15.862397624404958,16.988430315347216,0.5530148848999897,0.9499999999999998,10.16091672878341,291.7754120543344,84.50102364784283,-75.53753003736654,98.2522842756228,50.74351315842007,-108.72648945834774
0.6255954254731672,0.6928972601280406,-0.3025165077156484,-0.365393260450742,0.35260192292126324,-0.26020216502242494,299.13321144467744,31.60816416896968,107.08973359937048,57.81981897106533,205.7792444511419,5.430622282275465,0.505885462659856,0.9499999999999998,27.215624338866515,96.03460399285194,83.1198967615111,-148.48643209203874,316.3199438750163,72.9190853824605,-27.695135182259545
0.8360621711824685,0.3786829363984708,0.17017025076377135,-0.022391049014311246,0.09858264627561099,-0.8136711221681568,224.79507214005423,83.32159660099147,111.1664575212063,2.6869654284947018,20.8786400414256,6.109518222480787,0.36596303551908604,0.9499999999999998,20.710090523573285,291.99364614214574,72.9012678914412,-87.18867957404922,109.65638034916911,60.68474849470702,-93.08195461780502
0.8863309823476156,0.2432423614159989,0.28612747366299957,-0.146997278370322,0.18673550905428732,-0.7393337039772931,239.40406210963138,75.13757616236006,105.61276137723705,10.406410277560127,13.663545707094837,10.492807462935673,0.3522256516925619,0.8499999999999999,12.605386925730045,288.21962786674555,76.090026288362,-79.27553141433089,98.27433109254918,55.181112201631436,-102.7103036710023
0.5945769186525535,0.6343447036417672,-0.2817375706306635,-0.5708205810930077,-0.2511409356368033,-0.023756337559544895,111.92425551704358,8.615324273645555,359.19607639381167,68.58757627193866,204.99068631589225,19.44671748131985,0.393276703088174,0.9499999999999998,23.714961085605072,318.6889600298595,75.70975965577996,16.115737490767135,270.26016917799245,68.59093464638701,-179.61154178658828
0.4560681316265009,0.8060595339942984,-0.14902838460298942,-0.523837626675104,0.09501341859531139,0.06776949504860241,299.71981446859354,8.332930526765253,84.95260587210116,79.89025603785417,208.8845124462699,5.683918103790546,0.5643798060739024,0.9499999999999998,29.35360706558946,275.8982126616586,88.06095968985005,170.0760530583463,322.1282929299887,81.47852479404011,-5.460004723588254
0.5910668554095979,0.7063357417705686,-0.14317071497159634,-0.22113117084614972,0.2854385486388431,-0.36993568456344805,299.654482616355,33.919227418741755,121.45362167162898,56.067688967289705,30.21488349965213,0.8332882114945619,0.37323388763847437,0.9499999999999998,30.05189144041009,319.76161815958403,78.06668278063391,-32.002567403546095,100.54190286354248,76.4967548288192,-148.57080916713986
0.6659837256027039,0.6078042498908757,-0.16637590521053403,-0.3161826258020939,-0.21326294057098488,-0.3498010998006095,111.75174013489637,23.75607348875721,317.909424417815,63.87863510149516,206.30882890042645,10.232682325636517,0.19250316451652558,0.7,25.531540532366773,141.23911686301477,88.36862051196061,-26.07394527974992,269.6509830534725,69.90329302150985,-162.95504221745333
0.48849330376422573,0.6983970670261467,-0.06401343936321117,0.03697701980482125,-0.03235373240200873,-0.5254703235690461,319.5698700196041,78.7930627650835,125.51134278442913,10.879397353696177,216.02244421987493,2.657319313825667,0.04045472731766616,0.4,36.04323889940794,118.9410503442771,59.23304414396209,-102.68895231697013,313.5497495197372,53.9614339775513,-76.50193316618179
0.6234960694567012,0.6640151620661842,0.15020486957324947,-0.1735640140614293,-0.3236697099347052,-0.4499320553952715,118.74314871867318,41.0323138720133,301.17222050896675,48.94217812554975,209.79052158622474,1.2032491976342783,0.3862461471251086,0.8499999999999999,29.514285306196165,138.90913432519199,75.13819999407134,-38.72613994400592,280.4446043342686,72.86596509520558,-142.098439920629
0.7625008677505202,0.5642163803436273,-0.12798154786166052,-0.34494546455247643,0.38246884251741997,-0.4175554031980428,292.03327311360965,39.24503217829251,114.70022065474426,50.724543040531096,23.101316206354088,1.3071482608677059,0.42959554502853065,0.8499999999999999,22.768887183405326,312.6864234544454,75.82798751952151,-37.021365045408096,93.273304107299,73.36675118259984,-143.8929560596635
0.8773025709163583,0.37265432708782853,0.08670091653651343,-0.1720738651971573,-0.006075553170654906,-0.7052287057192002,139.44320763743082,84.86502945236258,287.41754355792625,4.356759721075747,17.62436116053346,2.7125813081520107,0.24715484265557813,0.7,17.6919381192383,285.4087179102664,65.29287838268878,-94.79676500580496,109.95162773233152,59.87196957916953,-84.96109586876265
0.8735833610149706,0.4290703927082795,0.0639699504324689,-0.49334929512219783,0.006326237388060774,-0.3802340658927717,106.17104922994311,2.833380361487926,243.31426765375886,86.13754637128018,16.041148570678462,2.6228352071450587,0.1452225250139507,0.55,16.060007386903813,75.48461248595387,89.1845412003204,176.2244817906103,136.66496620726792,86.29901451258208,-1.1058733528024949
0.9223441610704313,0.3205149216580396,0.03863194054467319,-0.3341009095006564,-0.026796348702413264,-0.5882432515697751,109.40421380239111,79.17180942289832,283.2722446314673,10.767689528385006,13.487097622518215,1.1296107422922574,0.11974982712989617,0.4,13.515184808697477,276.36775389524377,57.702047932124856,-102.76918292524391,110.79363854710559,55.46069753417157,-76.89098904839942
0.8727208485601919,0.4144240763529194,0.20116560347353682,-0.4489889952953576,-0.3231088128376923,-0.42373185326483426,108.6936751226592,39.609174637492096,279.6844538444547,50.04108298615117,15.006344729955336,4.4437571331760495,0.3969993442762126,0.9499999999999998,16.04597313301041,267.046695181554,79.61208295527247,-141.19450682831106,123.69568040763002,71.1734029737741,-35.92052951760678
0.6117757600342165,0.6544307743727492,-0.31382649496650544,-0.1785731789273301,0.23080308340951147,-0.4332025811068863,303.7573243473533,40.88289401533394,110.250817535129,48.32042678334681,207.88233397040952,6.743174778650399,0.38387983773862855,0.6,29.43727465386714,95.55603659074102,77.27330281762707,-139.96812172635376,322.04225464094117,64.87105089537181,-34.41621645520753
0.8642609643325925,0.4017083188948864,0.10659806913196615,-0.20029865663756935,-0.18079912106523394,-0.6639623076950231,111.48031916690381,64.37223379799318,287.55201548662933,25.575247729272647,18.285209419865364,1.5315851700143668,0.29873692978331845,0.75,18.520815865131432,276.2373995122012,67.70893907176001,-117.81141470088218,120.61821021778763,64.71479827348772,-61.48178859991815
0.7882801535942201,0.3303072922707124,0.19062628008367538,0.03554418752867099,0.42493598842087765,-0.8238243411228902,265.3209349332681,68.13700853923324,117.81363185702773,18.69767145676134,24.068848367842072,10.922814904072837,0.5181349868843333,0.9499999999999998,20.635384443835704,301.6100882992101,78.93037714514402,-70.93430982184603,105.2648055815297,57.30006652739179,-112.39259355000166
0.7750583032161594,0.5052080417902847,-0.21504711818683753,-0.27908750366207924,0.05130182704604143,-0.4959707995540795,299.2052504498085,48.570453820980674,105.31893078523572,40.58806357195544,201.29314311684664,6.9266016900186,0.15735611554635934,0.5,21.893296465587117,90.17956863383559,73.04678025518663,-132.85726143750915,314.68486596133874,60.213864655107976,-41.43938063389117
0.7576013394259488,0.4471207403908549,0.17395556704973247,-0.01247971906877303,0.23065628754248652,-0.7451216203571759,262.76018249849426,74.82800203652417,117.45979934452757,12.568058481435116,25.581983821903307,8.361540023198842,0.3453885706389956,0.8999999999999999,24.633214831684086,300.8986991599123,74.94074772913034,-76.97725854229913,109.54496869733958,58.29820913657651,-104.8186164368035
0.7424449771805276,0.6064116605511441,0.10815656981031435,-0.5163376272041076,0.06867922395749036,-0.22610734997642024,291.7853141080478,2.5253948934650623,178.60192720340018,83.60758182468197,22.04505892006946,5.8686049895481744,0.29735722790064756,0.7999999999999999,21.96735652828995,137.76187219060876,85.80973524936309,4.8318059994677744,86.23008263516702,83.61301301489341,179.73599940821575
0.768972236953025,0.49984526126626855,-0.34458037733112856,-0.3353749267231151,0.262284103101943,-0.43359731022990927,297.56421498612303,42.25325355332594,98.61772266446354,46.15494492765761,198.7417353965335,9.58298239569109,0.3914793979638437,0.8499999999999999,21.07620282197518,90.70202223392438,82.46506187156334,-136.67701825103086,308.6580045283134,64.32069312549237,-36.84564077582155
0.8204136091199768,0.5178248396933077,0.15706436586945052,-0.5981744735750476,-0.11527557231653576,-0.22223913554493013,109.05122136262592,15.243245908482834,268.7102758174529,73.79465650677257,17.58325174221372,5.370578837381231,0.34274951233295076,0.6,18.06578096806352,259.1744520212019,87.24352784630045,-164.0246134316381,136.67127430175412,77.81978286316091,-10.770908795145527
0.7570488327854893,0.5408335462289945,-0.011922583356923757,-0.27534227897144736,0.3517199617560246,-0.48170655381404226,289.2500092036948,44.228713096157996,119.53303776455746,45.30749508901275,24.294459483850158,5.1614240602352055,0.3578398259356052,0.75,23.167624616346984,313.4495634536413,76.61590617236268,-43.051684160240804,93.9874098400368,66.89565617254763,-140.61349766499552
0.7789226778647433,0.4323299763321904,-0.13645715557863008,-0.09536429628557545,-0.36536843797561613,-0.6835583815791684,95.64848341206921,63.084298209423366,298.8273058715533,25.018208829399086,204.44832184396014,9.291526427734524,0.38824682346262435,0.7,22.341403421551753,126.3040108299981,74.42054748207374,-63.957549152343155,280.68563311038065,56.28971424628068,-120.55662847545676
0.8116054338647681,0.4995359172248986,-0.006457075915469802,-0.33813661692303515,0.15865292638406261,-0.4734688169417336,289.03793713531223,40.295923242124495,112.97528763625685,49.63727778946963,20.686942053977166,1.9437059116850293,0.18492341291483508,0.55,20.4945537776307,314.6885408998297,72.54438926994996,-36.98984162515787,86.1276031728895,69.00057250962395,-144.70284899980533
0.9033608197497313,0.33842853169271775,0.08857137656434601,-0.191260520130965,-0.40983936363241336,-0.7121002996187669,104.59258803679462,58.45593333041889,286.78097549915265,31.525432059172665,196.1824003037953,0.9757013579128397,0.4765902344836655,0.8999999999999999,15.865248469707764,119.21355558028081,70.66032243775712,-56.3480562199066,272.9875506514985,68.75979211577766,-124.12392973251241
0.6662200839886387,0.2865521184937957,0.34173005156290676,0.20147101514595758,-0.20898404037498572,-0.867691099134597,136.52028060914992,71.33896529385844,289.5452934376738,16.750783783107025,21.966195894546,7.988810435414109,0.6362049479252352,0.75,25.480133766584867,284.12594283068825,72.5787009107902,-107.58169688148655,120.91773987618166,56.76940573853377,-69.84545224591436
0.7713066653106296,0.501959192022349,0.171291583045713,-0.30209285329703556,0.14233892208505317,-0.46921381201359413,283.8166400286164,44.3415591667652,120.0760456246559,44.48917841889854,21.925251044925037,8.212771320211004,0.08769793362981253,0.5,21.54215618554855,314.5088874192286,75.76282238352927,-43.69891977936413,86.66512066847812,60.72732114565908,-143.4523411762505
0.8276443317283995,0.48956762295226836,-0.03696486148880155,-0.4725899000352715,-0.22736022045755946,-0.35505443169312856,106.60935140341972,28.007677881076866,297.61961657470636,61.548717065384594,199.06610336984065,4.607611558285342,0.2806223138498268,0.7,18.490701324849166,133.3802132960522,81.62743646008751,-27.290401163451925,263.8908378919446,73.25494227880628,-156.6579428348609
0.6598801243729824,0.5185841814381857,-0.26426047808706205,-0.09275669863612113,-0.23844873604336597,-0.567123425736863,80.9777288075185,69.85862519929215,301.4003270359376,15.60044588117809,207.87536309775658,12.418471910673574,0.20218867832171158,0.6,27.016459991945226,125.98880514510931,74.01226499346208,-73.75484857946924,287.59439794323316,49.48064448913178,-110.71776735131326
0.7688617300761696,0.6018657032206844,0.050134967405598474,-0.5964689726355619,0.053800685734028034,-0.17239275744060853,290.59649205576517,2.86836353835929,158.97579218460083,85.68601157049972,20.757976346483545,3.2195685566060206,0.3566444004143297,0.6499999999999999,20.70035977710726,139.2170637074145,88.53916712616882,4.059561042569306,82.22537490575483,85.80042951037842,-179.01214774700085
0.8189834794583598,0.3579586499548342,0.2509523651426557,-0.23578786816998118,0.31129720454387183,-0.5831956112883789,266.9024208665895,60.47646404661076,115.25252652568149,26.491330812065343,19.12473676663568,12.089030296312615,0.3021206077781258,0.8499999999999999,17.083187040201718,300.33904905732277,79.9130665985875,-63.05947475158262,95.81370493334599,56.26710761939106,-122.43671311184002
0.6490573987194227,0.6300936309671373,-0.007290125508499893,-0.13570387121966357,0.09481117236156596,-0.5133535274997679,297.354641897739,49.70785222682741,120.40711312485902,40.25202558246487,29.131676208364638,1.5060275753768195,0.110341487982428,0.7,29.044040219114247,317.55844540926563,70.79570671800849,-46.82515345877498,100.34296025281516,67.94102468444535,-134.20171563773442
0.7071675411061832,0.5862995840889637,0.027447778256604285,-0.22626713402324267,0.2233618893281521,-0.48090040708294113,291.7964112282297,43.4801601847029,121.32337671548237,46.122398927980264,26.33978861099439,4.774937574525865,0.22364544703450426,0.7,25.739421241137403,316.4878979117632,75.88083329688479,-41.988753160928155,95.05294048871063,66.94546470378936,-141.571967933593
0.6403819859506733,0.5361184460548455,0.03616630041802587,-0.08839482387836665,-0.5620476292414694,-0.5519871620723066,109.5508023794013,50.409930297509625,309.55050324091883,37.851084118917875,211.74732795511972,9.910254795671065,0.5269684776551611,0.75,27.898439769082966,138.2332477268314,79.00649963274338,-51.31177188550208,283.0020575029512,60.094618588418804,-135.0613372935872
0.841860082336419,0.3044080815083941,0.40102510473980596,-0.07329686282989963,-0.16673108005324233,-0.7685632195065214,133.3389254171247,68.0221248993108,280.3292465418406,18.697418426341684,14.148717511079768,11.135117244624553,0.4444503951074478,0.75,16.81709213488392,275.48763452977624,75.99662280401441,-109.29238720816144,114.55065353639529,54.02383260690404,-66.66371819413212
0.8664701118645095,0.40496115011599315,0.13978919708842852,-0.22976467306725312,-0.3747522022780564,-0.6367054387972566,108.8773079815367,54.448851624077975,287.638214359493,35.54480998084322,18.057030817477493,0.5861630795492232,0.4394795539037806,0.8499999999999999,18.228900828669715,273.06329374267125,70.5971579820724,-128.04964373487724,123.16137341229732,69.46503479236947,-51.62650093732035
0.7909272914640274,0.452635665766143,0.19406782398124658,-0.7340127936201702,-0.3248145387247745,-0.05691449784385735,106.52431588796125,21.242121685917525,268.26749646063473,67.73948209887872,14.044776277831279,6.350596413420604,0.5572910531602494,0.9499999999999998,15.347613220883957,262.4733929320966,87.63371443149384,-157.85924786192305,126.30735152485329,75.84356544945959,-17.358572825046025
0.7255191168513839,0.49643310033301125,0.12222978285566481,0.05470106257784451,0.06505621896522726,-0.780220179429228,208.1189530887903,85.55250786219798,117.97903154553879,0.010883039340498613,27.97818506896593,4.44747876871385,0.3249486688616939,0.7999999999999999,27.977773939266335,297.98325774133093,68.77738337752294,-89.98832518623844,117.97271840759356,59.88242587751335,-90.01258158396672
0.7109432500654871,0.4937054022649739,0.15130526963170235,-0.12333484054126433,0.3915672097260323,-0.5876084095242233,279.49089581555126,57.154657442418724,124.02348595633288,30.42560433400945,27.34728391588589,11.19720234356177,0.3523983407536056,0.9499999999999998,24.902517628800002,309.24012451939166,81.19968161417101,-59.17270674209761,103.65311151855079,59.345051129310804,-126.06381783704512
0.7279643815064146,0.527408987790625,0.028257445032942433,-0.10295558311479816,0.3064389403851389,-0.6250087983916167,287.42093914404074,58.73468244088437,120.43844264381661,30.607582139461343,27.008609178339448,5.7746853959330195,0.3309236663238571,0.9499999999999998,25.885580087068742,309.02640406179853,75.83317414539692,-58.32328398315376,104.08971904623493,64.55406686464349,-124.32276067636022
0.6287475368725916,0.6781226503937006,-0.2622733741237361,-0.2741949566914996,0.2751850945224767,-0.3545525801810923,300.30108348997936,34.61525796432979,110.62718969967513,55.00014760698836,207.1525285105912,4.5496091691919105,0.4130979878641657,0.75,28.172829631360287,95.20150047304683,79.44976758573246,-146.43297977533314,320.01923461644606,71.03482287013698,-29.983128357932742
0.9097078779867378,0.2618837815040123,0.25331270772517867,-0.07985851707784944,-0.1359916224395786,-0.829849360908887,127.96860473316865,74.42634644306519,281.1119975727168,13.963301489465124,12.800830897081092,6.7595508230291586,0.4236784832337224,0.8499999999999999,13.945909957464924,276.6683757635828,72.69308001702336,-104.63990898843957,109.61586100619012,59.25915490208659,-73.69509183117141
0.7169509124224478,0.5409204736930253,-0.2434539998738913,-0.490449342380117,-0.2163163662251054,-0.22650157004233182,108.19460010071437,14.501267939817495,334.13092249025925,69.5997898080579,201.90129370196723,14.033864743647925,0.26301570886276876,0.7999999999999999,20.930305735301687,316.80347704948383,83.6794522173804,19.43617057188076,265.6146225023018,70.91121565471838,-172.665544538905
0.48523387508664595,0.710256630187778,0.2679661879540585,-0.16807197474372418,0.10090850856733048,-0.317161900342922,124.90110265078945,12.464484310136953,259.56833379624476,72.54500003900267,32.202819436723146,12.022833503045277,0.16668199288711286,0.7999999999999999,32.65095299324571,97.09022200567185,84.59208896320104,163.3790191723896,148.32458687776543,73.66578426447573,-6.239528189224299
0.5956912302874886,0.7064638460364183,-0.034965739300749074,-0.23580586203537984,0.017901146592362735,-0.3598853682521079,299.8486361308212,6.620538356958136,111.99651754452924,83.31736392884486,209.74360335594397,0.9048547955110848,0.17473150423634537,0.6,29.761757819539415,90.41177339033308,87.53193118812788,-173.78790282295046,329.125921747995,85.95459038974714,-5.3234782758433
0.5792065729939189,0.7983406379377187,-0.041932091787489925,-0.5186356734306252,0.014531751023313784,-0.06057089956329384,297.7772763685379,2.1104705911093475,79.89777696485181,87.32689318926094,207.71683064905628,1.6398107133817916,0.45341185330104433,0.9499999999999998,27.74422939638418,274.4974261182273,89.32574935287147,177.41326557136782,320.95504039141633,87.66035662617551,-1.2932511918192455
0.8109708925679873,0.40494595269068684,0.23660371964539018,-0.26241253918102697,0.19641660167025277,-0.54855835338696,266.41012535359175,64.47889347591286,113.88913965951457,22.955783659255005,19.365559044913528,10.547905580799437,0.18096054759791405,0.5,18.517686670176982,302.07727432763625,71.41472720157806,-65.70221486670606,93.7838171086194,50.938675000770196,-120.1521800209934
0.9403440590330617,0.26678549453107375,0.09930809954295755,-0.20244459218173422,-0.3227801291531781,-0.7378994668513276,104.07828113247345,62.639265703293674,281.7779431762938,27.341885015342037,12.263461648443844,0.938894655127541,0.43130349643417093,0.9499999999999998,12.513996433655553,271.1734962287279,70.40892861775359,-119.17782742279323,113.48938950644515,68.5666268363017,-60.43421131894467
0.682936863397435,0.6145708803518208,0.06513947202621947,-0.21375814279530395,-0.3073305875010394,-0.46917872060213084,114.57738130166632,42.466399139686004,301.18641806699105,47.343281397018934,207.60065514699426,3.2980315277195587,0.3371631062371493,0.45,26.944075480759945,142.55646536922796,71.44103191023535,-39.12516592933077,271.5222416692186,65.48686595765906,-143.92822461077407
0.852680050604261,0.40324669996145374,0.18891876795215654,-0.35171176433458795,0.041530048596985523,-0.5009682862696733,132.01111826355944,73.19825319475197,284.8496709318316,15.037619055721109,16.827792904178168,7.32153477356303,0.038996654287368246,0.4,16.903668323642528,277.4735955089905,64.45821595410553,-106.71167577436,117.85780397307744,50.04223978021037,-70.2155353154508
0.6071546236750203,0.6378966451228293,0.012511753742594153,-0.037957905886403076,0.03776785875954385,-0.569196717788617,295.37748714577754,79.86277720179962,121.80559751759387,10.07480078171234,31.608057009327528,1.1116764037700335,0.0944385245081089,0.55,31.588141965475508,307.45002553874053,61.03242176189284,-78.46605309297605,115.6335472745097,58.82087492907875,-101.79839342786516
0.6954645633792963,0.6148734488947762,-0.14453723882955782,-0.5596256112888758,0.3779052553373907,-0.13583895209041996,292.0835321785718,25.084676066466812,113.44388160174593,64.90912201290897,22.32808546716678,0.5224129926531731,0.5411724292187372,0.9499999999999998,22.20782541960892,313.54370454764415,80.85867529499494,-23.46746703101014,91.0482294931139,79.8848706049661,-156.9165845019523
0.8343944874953064,0.40309363652561936,0.08568914243827451,-0.05264294850319551,0.1438565313692202,-0.7817515389921119,268.0602016453133,79.4140146421616,112.22340779846493,9.6768267953873,21.497150183166877,4.251220754452021,0.3417753699422312,0.45,21.1331237348451,297.4539668281162,61.869629717266044,-79.01187224308468,104.95275649561452,53.41743924613594,-102.08301386487216
0.8874397450081867,0.39561835721455874,0.13290146727943303,-0.40732300395407467,-0.3178684138459806,-0.4801167410541109,106.94700476498386,43.42142929710256,283.52749646210873,46.52759489512671,15.32992327049569,1.7080021495197144,0.37164516613390347,0.6499999999999999,15.71466701521264,264.03197732802425,72.44285868270538,-139.56686890573732,127.06296183042231,69.26473740302285,-39.10711040477826
0.626171333809336,0.6783241580257318,-0.17657818141397402,-0.6805557675198639,-0.26802723224609115,0.05438443371052855,111.64028716047032,9.899907625546419,351.3853064835203,70.8946292265773,204.5413064429287,16.171579597544905,0.5058856096765478,0.8499999999999999,23.03690140796161,319.3670109832203,79.59356622857048,16.112021599242812,268.6509323426335,71.03703678886383,-177.62760413706764
0.8242680442912514,0.4779079264645224,0.02833481857332215,-0.301176351886404,-0.12466390262776549,-0.5230916924048473,109.47838052205462,50.19638669486554,290.74087193672585,39.79677236407785,200.22357844684888,0.6209133112403862,0.15826494613075515,0.5,20.170266169598573,131.70836657291056,66.75454193156152,-45.84387125839184,268.5370665890705,65.59979837284078,-134.6555283679865
0.6385445356655515,0.7173321366450054,0.031441250136514776,-0.42813042357128955,-0.13642425847899955,-0.2104141120942616,116.45074671975087,12.608260622224336,303.8444617683849,77.28944711171827,206.80500569511995,1.5833776365028172,0.3508259480607209,0.8999999999999999,26.684572049196913,140.24726730701792,86.35554652273517,-12.185114551023245,273.25010113888044,83.45129154125003,-169.08243078978
0.4902324483408226,0.6344924717759111,0.01284195016850121,0.20587540872937507,0.07030466150947312,-0.6961078570701982,293.49360263734815,83.09878848706539,128.96336788083684,6.65347301524973,38.75049677152932,1.8242520658048704,0.23870497570033078,0.4,38.68483706920369,313.14657177877325,57.980598881038574,-82.14575653998895,124.1627933854468,54.343288763897526,-98.1982002466574
0.7474263731615379,0.6335248977592507,0.0035758553951695787,-0.6239126028197467,0.18891810635457018,-0.12351377034179079,290.88526786167506,12.550271356101916,127.96797385741374,76.89006560418036,21.71659614452535,3.7289656627717562,0.42986131567210595,0.9499999999999998,21.368206828746793,314.3700721399583,88.51244981083899,-13.026735446086324,88.81388540249901,81.63468239110536,-169.8696695165967
0.8940982435321705,0.2957501084126569,0.1283768822092285,-0.09507483490610111,0.306542136674543,-0.7990234086260689,268.39502253640745,69.65840316640913,109.28016081005806,19.104973811451842,16.939480677372963,6.724655468306821,0.43256773975685314,0.9499999999999998,15.439172455610546,294.68244200836125,74.79398354468613,-70.17339412444905,98.43014444882378,61.47820030011968,-111.87045807877581
0.7108457036538661,0.5970062164615326,-0.14996256999817772,-0.32421561490617645,-0.03662877990265189,-0.38663008874768956,295.3340055122281,8.245479671737456,77.70765566563595,79.6313772429899,204.42569373446102,6.242913497849642,0.12614776030175365,0.75,24.539375911060347,268.1444295529295,88.1016388373305,169.80477164480408,321.0676773680802,80.7118068330815,-4.628812365960063
0.7611792374184748,0.6180850464605296,0.08778781860415653,-0.5998538902880486,-0.21194966327509243,-0.16132534713042668,111.17447331308892,17.0534321019298,290.181292932545,72.94415420222506,21.089047911914854,0.2784824775874881,0.42849627295249876,0.8499999999999999,21.123784863354537,267.2521880046093,83.18402734383513,-164.32805386673078,134.9538426928273,82.67462578905878,-15.44500846001162
0.5165368223262327,0.78451199735474,-0.046938986615682236,-0.2763836058051712,0.1406195738673378,-0.2401532165210616,301.31559110848156,14.564357357807452,127.74559318843379,75.34740033266553,31.723906220321673,1.5711458302905754,0.33002330828971876,0.7999999999999999,31.59491818468973,326.60602945240834,85.16878834108384,-13.849717062560725,96.69641959701418,82.31972891314366,-167.48383043400642
0.8801769516552712,0.21079013512548933,0.23692164015559822,-0.5889934786102231,-0.4862857321126478,-0.29118347304504816,101.71112416289861,36.48725448857428,263.34263999434893,52.069864354149374,5.014596824410947,8.959696174632626,0.5494505467765497,0.9499999999999998,8.005448823314376,256.573408661784,84.75157016709991,-142.3804808165278,114.90385668909731,67.8091921189175,-31.585784878011513
0.84379604224209,0.38942044154913924,-0.2936897229673015,-0.43658204013353075,0.10112392861218288,-0.4072140021085596,292.43166536190836,37.01487310514075,91.28158102279481,51.047325247231846,194.44999926468722,10.435170893318514,0.2141008449596604,0.6,15.655860616190992,81.28265761704107,82.00986641026584,-141.7474219771667,310.38278095078067,62.984675782961034,-29.201020557930526
0.8155261606431566,0.40292170865095356,0.20007305508168044,-0.007867913715910843,0.013915304514477823,-0.8076582469272447,160.13484180234005,81.94693909294908,291.30446365764647,5.321088814765162,21.867915435826937,6.02718719134721,0.36388523113501187,0.7,22.191407886138727,289.21765415034406,68.646362299531,-95.71456314215777,114.82457414951635,56.60626603707587,-83.62273489380773
0.7491218307118078,0.5485896850603722,0.1555664930860919,-0.46387862707011784,0.22034564115073277,-0.2852432036416902,288.3175091519097,19.848633347127105,137.27887892323523,67.58016487096718,21.96814281588729,10.003345980286795,0.26517340061598166,0.7999999999999999,21.064936846452245,135.96244082564758,89.45693418576467,22.41359601912505,86.70490832346418,72.3233463608817,-165.98275063091342
0.7559223839167174,0.15292298726342698,0.1165804897882704,-0.3572937797719036,-0.6010953571791448,-0.39862860414481344,98.83607099187746,45.49574933262802,274.1174630547396,44.40700772752742,6.431912520650692,2.3608801902257994,0.6872904391847701,0.9499999999999998,7.681223506106956,259.88169358484856,75.90681448672073,-136.17566093478905,113.38167513677269,71.38515181664148,-42.40653231160426
0.3098579720520167,0.4118861275526294,-0.5613864273516798,0.43488008165641945,-0.03819462120057244,-0.7447380537084362,347.0785225455145,64.64326688991562,127.19640166800242,19.984401249677205,222.77083796936222,14.95529188118769,0.5829840130733975,0.9499999999999998,49.314899473223626,124.69084701999071,83.14529741068036,-110.13448278917306,322.7570054032844,53.58542911192237,-64.86910995758107
0.827994731774545,0.4457930828708515,0.06914629173870598,-0.3311781451252411,0.3289744745156766,-0.49681658664930384,282.94470259588866,46.367747322252136,116.44337781829859,42.831281824946224,20.112334771579594,6.783656109833586,0.3218759995313406,0.6499999999999999,18.782971881938558,309.77652955708487,76.03028872408865,-45.52789055668221,88.67558777911051,63.31754487971518,-139.54072354392315
0.677355705801026,0.5758653779703775,-0.11023384297882488,-0.20138855213143675,-0.3028926415225426,-0.47596715366958964,108.04698979611007,46.10919693137149,306.20733508405664,42.43020297526424,207.71490248259244,9.177282707227008,0.2559816605240332,0.75,26.32859782986523,135.81619048232682,79.65132344973328,-46.69763345991183,277.51925294504326,62.29352994613825,-139.6469909880659
0.7799317018057937,0.5668249676076624,-0.12719947343687335,-0.5206580500571462,0.0593435483829467,-0.2592736517486476,291.19969645746056,11.584762578834358,89.46460046563463,77.55528140494614,200.27863534042518,4.483757095407768,0.2891941268791304,0.6499999999999999,20.53840314617328,82.41492014974733,88.44855978668386,-167.65085252018392,318.5501801248194,80.53206507642783,-8.113588519350854
0.7928272235727707,0.5142550417006891,0.18225271421930972,-0.677564942719192,0.16645632678734487,-0.11526228085357802,286.4505844943575,8.31126389646775,161.12893200035248,75.81988495989133,18.1395935060919,11.407008058745632,0.38254580694182916,0.6499999999999999,17.486011971464684,136.45842260294103,83.97960378538494,12.862420770022952,79.04122339683593,75.94950884830105,-178.06750709204573
0.6333489233322224,0.5999359412079577,-0.040975213673459146,-0.016974114179339986,0.30565617219852115,-0.6163748091528833,294.87365715633894,56.76824621444512,124.56980356312124,32.85494813276731,31.69088553289496,4.446984945195169,0.3419442506460997,0.75,30.771292467415247,316.49433834337094,72.25833554316657,-55.27735672693302,105.93707132822396,63.67722715372101,-127.2486249070526
0.7988886625513684,0.531100587866175,0.03463597482053948,-0.558388650009024,0.34715927885758596,-0.2405000125423442,286.83966647010755,26.139103768196208,124.18747254404491,62.79103562756531,20.309191737277537,7.030151241681807,0.4186696814404152,0.8999999999999999,19.023313773028356,311.74091356284254,86.13368285565903,-26.953645188960877,87.91008336099074,73.07987165897315,-158.3702616310302
0.5127763269744814,0.5410029549826961,-0.04371120044363431,0.39839196469418225,0.00734299587992732,-0.9111682916686642,330.89964174635054,87.45314811374698,131.9215187327673,2.4085799079009576,221.95631851251375,0.8272788689950374,0.431803850880621,0.7,41.98269234209211,130.71193028196043,63.34944934303211,-92.69508801666154,313.2195365892004,61.695287667088365,-87.26410619568082
0.5228508911166763,0.7548786180356086,-0.07778756862388256,-0.22314448742554463,0.3158615387634265,-0.2997064036911317,300.1317352252126,28.976251684347936,130.95331328644008,60.58597904840345,32.70035447752842,4.626807771763694,0.39015476449668696,0.8999999999999999,31.852640265428633,323.6956791636045,82.91140146826316,-28.621518603950523,101.02471819793996,74.28934272701106,-154.80974190624565
0.7428205435999256,0.4654752020926677,-0.15522620800377,-0.19597989038860247,-0.4357785532498206,-0.5468406532113234,99.17422514229507,52.85848592835737,303.75652235737675,34.55842692460764,205.3828960348425,11.938082493429917,0.38183002056568977,0.7999999999999999,22.37972436623097,130.12021573833718,80.85832123988001,-54.93230180282917,278.13176147267995,57.87598483396683,-132.05102119954518
0.6609074761488845,0.6372977611764824,-0.2353128266537325,-0.24364759037141023,0.20235071877954308,-0.4172598857774744,300.206499810698,37.7531472250007,110.20982015527024,51.82172993462159,206.42611391518352,4.866603452095916,0.3295973464555826,0.75,27.318718152036993,95.32936368320831,78.58397249967891,-143.31743117475912,318.54930636754744,69.53157854418708,-32.958405314162896
0.7831662209592188,0.5531591091565133,-0.15521888313645704,-0.5471690884235432,0.004815439324946264,-0.23599713253567614,290.41316818584534,6.464641111666879,64.13859155454111,80.69017913557155,199.65384667722287,6.6707436716041,0.28924727872026107,0.75,19.87359998000914,263.2324664669904,86.93045282140135,171.206550572219,316.37913973262613,81.12660209833366,-2.828364094754293
0.6709843673978433,0.5878675803358951,0.13585948437095244,-0.25375189819229765,0.2833990369599987,-0.41723246920554535,289.0751174252737,38.638549355106484,129.17062062057008,49.59515752688023,27.1931298795006,10.017943381024239,0.23190609698351652,0.9499999999999998,25.907165215292647,315.0234124101592,85.03912452102071,-40.15108585831608,97.69180366287023,66.03538290864292,-146.44115614575364
0.8437818953652535,0.39475584252528884,0.12161431116565695,-0.24003123716365846,0.2976270284316658,-0.6037506582015947,276.8683594671136,58.466820472849946,113.8856620753954,30.401517826791803,19.40397289676105,7.585964119762451,0.3109433266651153,0.75,18.03587151772775,303.0929484728593,74.74589295359353,-58.362930526786606,94.12596275218685,60.04938125102417,-125.73614774020086
0.7180093220663394,0.5990879359558233,-0.05910023892053982,-0.31525287192612983,-0.117508283620537,-0.40275645014020933,113.20193023111243,21.16715719584711,305.50615426978044,68.38065498106748,204.83091590004096,4.198827234912912,0.14991944470127433,0.45,24.61337054955042,145.54666363403248,82.26585302074118,-20.250773191341825,263.2432373062692,75.07548616792968,-164.17685202367244
0.7842722498656044,0.5240898210217626,0.1559130820383989,-0.5372578102177195,0.1684898613830556,-0.2470144396478849,287.66504795064975,12.824696125702815,144.73615664798365,74.07586771939522,19.796823392595012,9.280185983227526,0.2802291690691009,0.7999999999999999,19.209953764393774,134.7957706623367,87.1803642422947,15.678875012545449,84.01377766231842,76.02486268324387,-172.28904878701175
0.8494691559170219,0.35730393631259405,0.18463968954086257,-0.2508093877932734,0.3050934324223574,-0.5986597681237484,271.59883603444854,59.367623827133656,113.5564830341318,28.775864933818696,18.21904825006853,9.61316964921501,0.3110041760836542,0.55,16.5014399795567,303.2891592590656,72.89107914346478,-59.75666754152637,90.43101872698877,54.43085392346003,-126.28537238988866
0.8120294473011961,0.47245014214131004,0.09749073025520973,-0.484382112604801,0.3707429266836953,-0.3276473346963952,283.79268566495796,32.93225943784658,123.67356391276783,55.441784543996775,19.893120248309998,9.317408413621067,0.3763015651097211,0.9499999999999998,18.04337299628764,309.15835956182855,86.23339610292768,-34.37772855461973,89.19983471487652,68.70078918825241,-152.11960908102805
0.6491839018626113,0.637813055420003,-0.2443016953104187,-0.2845980119107444,0.05775716520497008,-0.3645858899518677,300.37275203431443,27.780114042784398,101.29649894216298,60.86439734362199,206.07665447736483,8.093234085997295,0.2286876953073146,0.6499999999999999,26.897591037394157,91.06045516045408,84.34311264612818,-151.37146329902222,322.7258199503307,69.7543208219853,-21.410532636506314
0.8619559221319384,0.4334008122920223,-0.021422656947889616,-0.3789760450473279,0.23171366815642758,-0.4829798770846105,285.94462416768783,43.04213970716374,109.83437433673835,46.891940856711,17.758868049922093,1.941603671945174,0.26374038536793726,0.7999999999999999,17.46731478507849,306.91738961486806,74.62532385466967,-40.785271972849216,88.201588245402,70.96147171830731,-140.56196691012664
0.5587392338055158,0.6836454116817049,-0.2230863955186137,-0.06152881408953821,0.2885066058936207,-0.49721041971597796,303.7543946223667,44.82402910119818,121.21556960349602,45.14783776365046,212.49215736908974,1.2697038973814188,0.3899349040111016,0.8999999999999999,32.79934971852269,105.07541241603099,74.54083909526634,-137.35288893860712,320.1379943342214,72.11933942879496,-41.848674610884004
0.8229499516907789,0.5024207207134463,0.13577974815091293,-0.5763993764354283,0.029568420361320458,-0.24655057525535046,107.96930733924839,1.6025772469454296,212.10989844087405,83.46693084412244,17.791434118190562,6.331800780629706,0.27435320769031646,0.6499999999999999,17.84064079646666,79.20646850657421,85.20489166135046,175.55769861666604,136.45805232381997,83.66903070888182,1.6156898510047324
0.8359534635858722,0.3740690132758661,0.0890701613137287,0.08930469874527293,0.12603908352061202,-0.9252581623311449,256.813004307911,83.39961667877816,113.19271193672985,5.3222655034203825,22.82953702168946,3.8924095617929453,0.45504876031377134,0.9499999999999998,22.5285419910374,295.05582185216207,70.76149226684923,-84.3619419815257,110.47002165053458,62.98288159949731,-95.97647180563132
0.6852262928011484,0.6465878868520448,-0.24537185959678412,-0.3408665255223603,0.3830742612887953,-0.34435976727879175,296.9130122319195,35.59899436104881,111.5420860609235,54.281594883785175,205.08833856274555,2.5466625346914213,0.4822711759368913,0.8499999999999999,25.784572999802744,94.69616745366062,78.22899210499355,-146.0306267902988,315.9331485061791,73.46148884398578,-32.120159006616454
0.41155196043834896,0.23967345489741115,0.1906872488542528,0.5228609709342655,-0.21058384830957802,-0.9344129313726139,134.82478298945972,76.98647713731283,322.95418805253576,12.887139800227388,232.54707854162308,1.7787819752241774,0.749583060246075,0.8499999999999999,51.53647638511599,148.3604949408186,67.61805395909626,-76.04250458049492,316.5697629493137,64.07928990114526,-104.35788958049051
0.7679660459807358,0.5337276886550483,-0.05941164591058383,-0.2406446606050484,0.2766317888755561,-0.5273213853756731,291.3459443595545,47.98519248482007,115.63095383761207,41.93506309331814,23.71437035783992,2.1320567324741972,0.31358104396010095,0.6499999999999999,23.31178745677509,313.4015132604093,71.23536312979934,-45.10556528583608,93.47485515540016,67.22721244185878,-136.451147400768
0.8827598557946108,0.3782104395938961,0.11562785246185958,-0.2206691946015455,-0.34297952518694197,-0.6620906611930649,107.63248505959747,57.06780255669288,286.91515843021176,32.93014851511991,17.12715186150395,0.3273098694994445,0.4181361433120772,0.7999999999999999,17.215676673838082,272.5162748329717,68.9960204321418,-125.61298796721132,121.8026189719092,68.36266288029775,-54.20936809439058
0.824153551853282,0.4471952754056828,0.13645996260220128,-0.16068504477519713,-0.15602899108025386,-0.6634685070780848,116.15061338582154,65.17837080470157,289.6141853253822,24.679561684198205,20.758577543782078,2.4886949302229766,0.2916355754947075,0.5,21.122228907782066,276.593835921852,63.88167278683943,-117.7120674844177,125.60135853939377,59.06263208063274,-60.86952110992447
0.7641618867920067,0.40071177192467594,0.3392620741767844,-0.4395915174022879,0.2202483663541456,-0.32457036938971917,278.57156354925667,29.160165857024168,133.67853129619394,55.70416426049358,18.04696530830258,16.43825857346225,0.15301641899031002,0.6,16.827253226434586,133.1591855145278,89.64579099869283,34.294230396166824,78.98944325892093,60.90102925566633,-160.9925737132421
0.6054581556688378,0.7010802461220084,-0.06797326135198972,-0.6306897892891188,0.22442429864760013,0.025231633620280566,294.09461554154456,12.783715554018613,123.30511920113852,77.05490062007509,24.549486552778458,2.003920884022236,0.5600009867808138,0.75,24.30026227697612,320.4695460622312,86.11929416747678,-12.359211109034128,88.45450666674314,82.51701390480942,-169.40657040846645
0.5468919728998294,0.7796586688043505,-0.24345398126276194,-0.4563248919836224,0.08701269117765442,-0.09056708091619683,299.84155993016435,13.225704870217086,84.02213251717151,73.83629675793509,207.6780395787948,9.125496762940415,0.4433106964074648,0.75,28.622008001990306,271.8684394529303,87.73410980447169,163.99170975173138,324.33323493074533,75.86716337578495,-7.925204854278733
0.7278247801087028,0.5617921321058421,0.019301893153728104,-0.21566117085600187,0.2512246614721443,-0.5121636092527011,290.4244667000885,47.74443999092159,119.99374021402443,41.85625592022395,25.70109092050803,4.776016234644189,0.2557491804909405,0.75,24.989726927538552,313.7493202713683,75.13539312904624,-46.34079916719592,96.57868699959637,66.07897368390357,-136.8833940832515
0.839402315572642,0.3007035302209697,0.3025091514044091,-0.067188397587995,0.21216132331695545,-0.7722139179846464,236.85372976183044,75.63293839432858,109.68824493764986,8.796257828391006,17.921398583767395,11.268676825334893,0.3871681325548252,0.9499999999999998,16.779594369864782,291.5228011169017,78.31129367593523,-81.01594396202904,103.65749072522152,55.82528804674166,-100.65165465048125
0.5974549257436035,0.6839429200025449,0.03996371650823004,-0.20811237733164917,0.18471062695939391,-0.3893425484119545,297.5051300640429,27.25745045763714,130.22030324640866,62.159199104318375,30.214835154209553,5.242894225003283,0.20522421075055633,0.8499999999999999,29.75278383801303,322.2362937625245,83.72537027821411,-27.179772012313247,97.40499953257212,74.0277089873947,-156.89042441276433
0.62942240727556,0.7130882298191294,-0.11678816519126312,-0.4620027818121494,-0.0939665178781211,-0.1674196254634104,116.04860885393748,2.9251813721355973,3.9316073925197625,82.27104422444178,206.41575765940698,7.147764203472136,0.34792006654279095,0.7,26.286935270164467,323.99315485484374,85.02054395522767,5.918621114319588,268.68015248339714,82.30309601869749,179.29471826821728
0.7270679289502464,0.5394710580699215,0.07488434022069147,-0.16124122611935401,0.23500241118485285,-0.5658267028308807,286.3799897921085,57.07886276940098,119.99256746292845,32.180774552487996,26.06313964913127,6.215085410153151,0.23335212999540073,0.6,25.26743175769829,312.2366250822756,71.37504032944166,-55.803977476934186,98.22064244840232,59.483281693252586,-128.18690078659586
0.7058777733970871,0.572354703242474,-0.031998203299160304,-0.11821516641989961,0.14601076962146436,-0.5876626069771871,294.790581453356,60.727397764275025,118.04334328213747,29.233215673182656,27.266769399653224,1.3873121171735647,0.20304046856586208,0.7999999999999999,27.124668923953514,310.3553392235937,69.14215064471662,-58.49222323967312,103.91912915149518,66.44100087333065,-122.19299270201236
0.9026376479884504,0.39145112890327444,0.0641152521365865,-0.6196428565885177,-0.019419386089889513,-0.2829947913999325,103.75993635311555,4.493365417138179,253.79287179106473,84.81675547555228,13.557172215190164,2.5784349910638724,0.25284120347287997,0.5,13.608281119651952,251.94854259930344,89.83272606603036,-174.81944795188184,135.2775520679567,85.44270736668715,-2.471841380598045
0.6953720702117498,0.6187038596629436,0.08740183470056667,-0.26583448540349686,-0.06361078314743238,-0.429537584808253,116.99819624281227,27.125359459548903,291.99811267535654,62.78589653029154,25.956245760469866,2.032963721052866,0.14543242837406842,0.4,26.080139434985263,265.14825965718705,76.92435780253592,-155.91980104178427,147.31979367049573,73.44188592511642,-21.90899505917928
0.593030332254395,0.6220900046328374,0.058048343420421894,0.019107646052200784,0.13051638074379607,-0.6121379783065956,288.8060270290206,73.01565746180086,124.11283975320524,16.414815732935168,32.860750281181275,4.2420706581562655,0.17535811800882867,0.45,32.61839521832364,312.8228487943799,62.79519979587252,-71.4737959287809,111.96011601627232,54.4505019397889,-110.32387626151649
0.27807297194810343,0.6300128588330028,0.06095631746391502,-0.618285065493962,-0.2784292432172651,0.34021209354585885,116.74541994597344,11.639680854897776,354.2158795887102,69.0394338947886,210.3972186553346,17.18159057112797,0.8452376919186775,0.6499999999999999,27.28634275438928,328.59846227258475,80.59569757540623,18.817894390174285,270.47152728160046,69.1534869673602,-177.76607379287097
0.8167987216324846,0.31691598716246605,0.25030992846569206,0.11307445855330153,0.23782820120336395,-0.9298731801857877,240.05159568434527,78.03912005089894,113.48400952418956,7.193259442125509,22.27312897596807,9.505295810569208,0.5061054646077844,0.9499999999999998,21.004401427701733,295.22616238478014,76.45652140203818,-82.59985716209827,108.86765142689607,57.47451083712853,-98.54058615651434
0.7657959679881405,0.5231496399277941,-0.02947292997751337,-0.20115836693370753,0.2913485998634825,-0.564637601054433,289.9373193005502,51.94910899879214,116.93877685368841,37.8429310512539,24.292249865840123,3.401395620980466,0.32109592049736985,0.6499999999999999,23.628466594603907,312.3390560049757,71.12804521613968,-49.58254510647413,95.36865548796345,64.67528997696589,-132.74414698489656
0.5941883629293343,0.5899255372889182,0.007948018234427725,0.14236204734685753,-0.0007416682026955324,-0.7365504102761914,142.60060820320683,89.34847472157927,304.51977518101677,0.6193552761129979,34.52196091309213,0.20219061675946648,0.2725136592806102,0.7,34.52277956265192,304.20008715927304,62.6999404311129,-90.69699168466775,124.84501953584589,62.2955656019856,-89.30044247697639
0.6600956149145659,0.7029089937105953,-0.03430654189428999,-0.6634162636252015,0.18311885125731026,0.003320648710636028,293.14615234859605,10.273994468473688,127.07164075247441,79.4218263197504,23.598056529720395,2.4915023835913246,0.5263046156191687,0.8499999999999999,23.363648619539486,318.00717031293647,87.97100762574202,-10.38393587700807,89.0336703445137,83.43569340082809,-171.68671492052314
0.8584139427154589,0.4264598150819713,0.12717820241868738,-0.3875731412770379,-0.009134059675335251,-0.4708408014384214,110.11166806207002,33.406621203329465,280.12190715079373,56.189867905490395,17.055258232934374,4.621874672450787,0.06470249705796917,0.4,17.196469380119364,258.26216344986756,75.99868141097329,-148.90669484776402,137.33445031077613,67.95129211457547,-26.305003916199677
0.5870958519300586,0.7404536563047506,-0.06643329624564509,-0.38619223362962596,0.3826652343685752,-0.200903618300433,296.58199739889966,25.956079150968563,132.15102776471937,63.191364341889305,29.63722995383496,6.248497206041904,0.47327141795056626,0.9499999999999998,28.3430576742737,320.43896658285587,85.83384099814339,-26.506655541003205,98.03581374483392,74.17640555653814,-158.07466302545663
0.6041604954918682,0.646128014868949,0.00694319457049988,-0.11654125424095091,0.2920281668322371,-0.4876192412509175,295.29040254235065,45.1899704266592,127.3679183893538,44.16891261054289,31.437177261604056,6.071612734381773,0.28273706420895317,0.7,30.425617391511256,320.8771339652674,76.47832602154324,-44.2222202846339,100.53144914921091,65.07401399172015,-140.205510958215
0.8611332471737673,0.23699620057508003,0.3747582174512439,-0.4864459684770218,-0.012589196283631912,-0.37468727869674584,109.19351306683612,33.627161313053435,258.6358683191164,52.31940573983822,8.930513624084275,14.996675060533263,0.09863321130350906,0.8999999999999999,9.689309700666561,79.45778381749496,89.36524380732257,142.32395869504452,121.00330008451053,62.50432481927956,-26.847778587037713
0.8811228244137004,0.33569853501222596,0.28958300485014304,-0.1647844753151192,-0.34960175318909936,-0.7163383490985816,115.26811437138187,59.38581202256674,280.47341486039795,29.77451798753249,14.19982729895019,6.48102350354435,0.4822113321199404,0.8499999999999999,16.348768636138463,271.6568060613882,75.00237696303155,-120.9373160397551,117.89553958193883,62.375246903286545,-55.910936182741274
0.9152569844331732,0.31034923811126847,0.25188670469889296,-0.5680902888668674,-0.41428697324642383,-0.34716669556630486,104.98320631392242,36.718252891807076,269.1182152464834,52.20967113649853,9.182463949251828,7.7168401244768745,0.47795423019492034,0.5,11.353301518859507,253.84716014198892,78.45712391707926,-143.7622651603657,126.82995306546684,64.62457635743316,-28.99702272833846
0.8992597491675715,0.26688601937948236,0.22219993079207062,-0.10161203479338984,0.12960706815861403,-0.797647714374179,232.0880450190575,80.14229844850662,105.34142365376448,5.935207815136536,14.520973439474258,7.842287610215109,0.3688034615548771,0.7,14.035658587545427,287.45235643817716,70.49027609306796,-83.70184333080675,101.14031656558149,54.82907516866731,-97.2672412374746
0.6336867464329364,0.7323590398455697,0.02479806293734291,-0.48291898877931777,0.0971493735625804,-0.15076775765361855,296.1206128553834,6.195113418268278,144.07125099101933,82.99447171737113,26.474649700506415,3.2580185034765208,0.38167598161119726,0.75,26.34023055588907,142.87207493704997,89.85265332729014,7.00398627420571,89.93656958308222,84.31303289325427,-175.9023143898552
0.5843351767281033,0.6661106303798625,-0.2403685221858968,-0.06775553543891184,0.4055522534078527,-0.5165796412891922,301.6365063685006,46.01122829848691,122.53694795057496,43.98523600668838,32.10264408287336,0.44995324015107485,0.4783874040604497,0.5,31.959674005887518,325.26100803206674,68.18748448812208,-41.58012847362835,98.79923410174501,67.3605365624216,-138.80331548926046
0.700910800767106,0.1953146408724506,0.2760253766016515,0.17109261672222995,0.3408434938096348,-0.872003417489336,243.98117763040352,73.32757620272068,114.7431738790039,10.727010208631853,22.314106608984627,12.610833124787504,0.6235314135276551,0.9499999999999998,18.200477384795658,296.69883774737133,79.78814575822595,-79.09823068686507,107.02122066244202,54.65274607656597,-103.1908353630597
0.8848784859210712,0.3346701239378415,0.16379880288538023,-0.09017954026252649,-0.0482591080848225,-0.794698945658543,134.71008598972486,80.33393744099082,286.19092721896914,8.5114930721803,16.8729233991855,4.5474096804452415,0.351800326629507,0.8999999999999999,17.23405857977332,283.2059034036658,70.81394298123514,-99.01610935468216,110.8053660746853,61.73900822451899,-80.32624018086061
0.8279737783946225,0.4546938904642503,0.08581413758196804,-0.2656427916884536,0.08456734600624538,-0.5623309867061689,277.7375347491812,71.74488864659813,111.30261140373976,17.778345670622343,20.013988701386655,4.011899155816053,0.10864039240429396,0.55,19.87246777190755,299.9143110244771,64.96821571896382,-70.30655161626481,99.31792024286902,57.07307369846351,-111.33189205312411
0.8698482271447796,0.3330244340331525,0.270233840514585,-0.02329263857156733,-0.2223802687610888,-0.8465555885732127,123.4551263963142,69.84049952475286,284.6812373711887,19.167117504545303,16.779747554790312,6.013723638588374,0.47666510706813686,0.7999999999999999,18.356642125337935,278.121571609536,71.80670839782329,-110.21853108812718,116.291889917638,59.9287359224488,-67.70413816544966
0.8131676903376678,0.5059228166010675,-0.13039907623515934,-0.37216844959103823,0.40737053367469933,-0.44099924074662944,289.7613884106488,41.082951718522395,111.38655615483367,48.9056297157073,20.46336607585953,0.805102475639373,0.4466501451748598,0.9499999999999998,20.242632747505272,308.3288976806441,75.7395380736519,-38.95967949888867,92.4647404478703,74.20754278920671,-141.55362254136338
0.7307870435214378,0.4814036372722059,0.25325190808956394,-0.35027371152722814,0.294846033844208,-0.38051333199421006,281.0495655582852,38.50263929327643,128.82400702908006,48.04138298477708,22.586365134045014,14.112105404649029,0.21774943418485426,0.9499999999999998,20.844345103652717,310.19752903109315,88.76537980629915,-41.94381727916268,92.54977100717434,61.989191881246,-147.38328802786805
0.8851149945834842,0.3795079979566437,0.05238314800143631,-0.3247759966578935,0.15752214241278387,-0.5603389979255906,280.8657278117948,57.740891842962306,108.55812550248683,32.025786580334035,16.38283067375197,3.472621796636062,0.18374224780177273,0.6,16.05089728067546,302.7046070442687,68.6577655674195,-55.295456555153486,89.13891391621365,62.007454475594166,-126.91011254627145
0.4847917336775524,0.6827363453159319,0.3295895153616536,-0.5299777630473306,-0.2379609489698101,0.04518602936977665,118.75669709300561,19.356479078662147,260.2203468591737,65.8145327691971,23.756230528034067,13.934633529907629,0.6003083239138641,0.4,26.690807432682707,81.95496055018536,89.22112945729621,155.8263238951972,148.57583726915755,67.34209225447088,-8.691456995640054
0.9678745301803859,0.14517227929846996,0.16272134371369057,-0.5276875082693088,-0.00257326208854136,-0.4401870219110766,96.74271218440879,11.634903145328067,247.11424828354234,76.67356041198452,5.4175816505960155,6.4081981523071505,0.05873566376798591,0.55,5.493294826138425,245.5247052871751,89.62352709371308,-166.67878296427364,125.98225277336434,78.53799198003152,-6.844232586924555
0.8353405302057133,0.44548489242702366,-0.024344032019246405,-0.2334753309244985,-0.14651028702691177,-0.6018651992812158,104.65750558322512,64.44419355225016,291.3963589377546,25.401553781026863,200.1508137182904,2.6208924258193775,0.20003250188505298,0.75,19.907370696288847,122.04223111224508,68.74244090106389,-62.595026644865385,277.7726048363895,63.61757603792206,-118.60906470342013
0.5921586290122869,0.41855162083856295,0.3146478103859983,0.29034683998479005,0.3382279693850872,-0.8825054689970767,236.97530135652954,75.52283110999056,127.602785305874,4.895133602850763,36.416420671694254,13.590431021589382,0.5034197665641373,0.9499999999999998,35.08679086310772,308.4290792046587,80.44206236728544,-85.03578480244093,123.94014428770811,53.28106626233082,-96.1110234293858
0.8140451220931936,0.28742906337769136,0.2187235224829042,-0.5550405816750553,-0.499603303269156,-0.259004540418138,103.96004549770926,35.961944608301636,269.61927850876,53.17181860553461,8.921587230108837,6.902010387449451,0.5906961196869432,0.9499999999999998,11.388394709137259,260.23229203873575,83.03633074887891,-143.7442403269195,118.70677715317994,69.99567169472209,-31.588695112795687
0.7516444362760474,0.5492303368162736,0.021605380830228487,-0.2372219688079914,0.13717663671863886,-0.5144224674680561,290.87604521923976,49.36894231176449,116.68403417559281,40.48538691391006,24.228871014615805,2.872821787911235,0.14562204952728505,0.6,24.00276603234278,314.0652101019523,70.7127416669032,-46.5390007229788,93.58952493175119,65.32113420614029,-135.60358112760005
0.44500723621968435,0.756289037933478,-0.22112754386477337,-0.38487842223542484,0.3300102245294015,-0.06012881398425943,300.9075605604275,22.88519544379075,116.8011922848103,67.06199152289335,210.28550419446313,1.4733220593730891,0.5845546071863008,0.9499999999999998,30.62417151721989,98.78434110020102,82.5427282670958,-158.24586113660845,321.9550506215472,79.80264599133646,-20.657217390720575
0.8257774082857532,0.4903786968046774,0.09766537931973368,-0.3856605839319287,-0.18834270195954925,-0.44011682435382393,110.23367747348263,37.11420890758413,287.7715782293759,52.8603256624209,19.336751874391748,1.1851196644926887,0.2540894893701827,0.5,19.49648979314618,263.27292357738224,72.5642959408175,-146.67385094323754,135.7512367990106,70.43822531936443,-32.221187146587084
0.6261424305720296,0.6367388582044865,-0.18382504261738725,-0.09954838877187658,0.46025434150205796,-0.5265940418001528,297.9466240489113,46.71932175104016,124.02303313708677,43.119588131105715,31.175763977907696,3.0364766369696667,0.4929217036092652,0.9499999999999998,30.161681288348476,317.3196071659901,76.20095055140524,-45.26430860347796,104.51657333740457,70.37463350580087,-136.52535224233614
0.8223780593716017,0.46939199094045536,-0.04615956524456826,-0.2563644273642365,-0.0353423170533027,-0.5660136320073654,94.37896096997396,82.72741745649502,290.7890294441372,6.979312033049524,200.5398878008314,2.034308963700312,0.08924616329780129,0.6,20.515836414822353,114.40360320288563,62.7518749286454,-82.14434993709575,286.5192812096393,58.692871654002175,-98.17626158867984
0.7893038339918093,0.33091348491119194,0.0007512163417112529,-0.1591373699132067,0.5371170341463685,-0.6301664640786027,280.44410775080576,54.99515681258888,115.26091919212051,34.09981952750489,20.508062908572292,6.977243629011724,0.5680711018006592,0.9499999999999998,17.45376289805475,303.6859578261113,77.78926879373437,-54.99739696212842,96.18292257256464,64.23032620453624,-128.50255655253983
0.6632696475073268,0.6135304341961383,-0.10835938188758386,-0.13391743362273917,0.042553398837068365,-0.5293522138845873,302.36365252696555,55.0891476301732,116.36784957109839,34.76349049423746,208.32357333258346,2.81493314720457,0.11902462114621498,0.6499999999999999,28.494672962411222,101.43882233731108,69.63636120212905,-127.45953205083504,315.9189610226095,64.25895420560224,-50.727763067353244
0.8190732237058622,0.4650683426976835,-0.2779268160427979,-0.30947243270483027,0.36304931041572264,-0.5096007910010314,294.0949456771638,46.33773279995271,102.6513062883777,43.08795476433264,198.047666750141,5.741288115754557,0.44895322621347217,0.6,19.747512592798493,87.48365906482634,74.37279242386407,-135.18134100244265,310.2212148970424,63.67379638894449,-40.344153313568974
0.4746056276716375,0.6651036370098622,-0.3797293597303815,-0.4540910795118234,0.29437679693288543,-0.02051454815981351,300.4145304796553,24.486820074807426,85.99374364596287,61.09603237436471,203.7003809515785,14.397251223387968,0.6016844614771429,0.9499999999999998,27.539409380307525,272.76564752062336,86.27505217612723,151.31649592611092,316.5035438007567,66.92165829021718,-17.90141760674497
0.913813348426251,0.3224303909234352,0.13359448234946664,-0.30114771428861475,-0.13453588917917955,-0.6126656341376361,110.3990002251899,62.86680810418436,281.79725877051266,26.87100801827912,13.567258633316083,3.488367855223885,0.2364855518827164,0.5,13.978935305612364,268.3900402478223,65.4104384204927,-119.8057396415735,119.74600409874735,58.69240580093917,-58.061208627606526
0.843727002895254,0.48677404231321103,0.14495077642287865,-0.5424469644960005,-0.2766718360198142,-0.3012800383992532,108.46403114157862,28.69315912212599,282.49580049932104,61.175497167831516,17.08353989898872,2.5203627957288717,0.39110027277932385,0.75,17.54071132254707,263.6079737930753,79.89901208592245,-152.85990366150918,131.00517525635604,75.28284296592031,-25.066193393896636
0.9107818617383019,0.30951882546530546,0.19304456753053992,-0.48051416501790156,-0.027975385241529847,-0.43026769672040105,105.49250151126769,27.45622580525837,268.05524266132346,61.426217640846055,11.67239816248815,7.306743731408474,0.10293678725456817,0.55,11.99300090848131,254.6587570408749,82.8082536208733,-152.2719253822603,130.35425587696574,69.87049871841896,-20.71769601049366
0.6852736168800082,0.5731720404745991,-0.2544938555669493,-0.0751214864849017,0.25390522399976195,-0.6101521303951063,302.6992210033689,54.28010059145043,114.4602766211341,35.43861692616927,207.2472881394932,3.9084956290197255,0.38940403046839345,0.45,28.22140648621025,97.26656505520268,67.44390967984157,-128.8923271614379,318.5881575953253,60.12773740094414,-48.03538827600689
0.870998374547226,0.24249233674948062,0.18234304778722593,0.03751734891866852,0.2959604574007377,-0.9085157234658938,257.02318204882386,74.47610882361715,108.86894888093198,13.27670849889084,16.992658023306543,7.89984144870202,0.5216388752865898,0.9499999999999998,15.097102026272037,292.41874255984675,75.29709133141503,-76.26516776008707,100.90377930601919,59.575852600444605,-105.4458354770926
0.6589167931219202,0.6448465403698995,-0.046204483542805604,-0.22689503584784407,0.19252724688684947,-0.43202175727407616,296.58895257701636,35.446213014950445,120.78280783043105,54.48117454665445,28.001704111914627,1.9835487847450395,0.23831974968789985,0.6499999999999999,27.758596169262972,321.62935909469877,75.74753367324527,-32.88388407160017,93.91172264925186,72.11917813366871,-148.78569408049557
0.8138820619348499,0.09427235462999213,0.28451697200430165,0.042395460036460886,0.3354272945757763,-0.8562775219713123,245.50769202673445,71.24193398271255,103.78568950761019,14.92783531401146,10.78809099279323,11.097789124776781,0.5884295607883613,0.75,6.866700855273217,287.75469398342125,75.44573822787079,-74.56513413179282,92.38410427839302,53.442957126483925,-108.7049164632466
0.7739040297083533,0.3783380267508804,0.12531698329585358,0.09742244285525022,0.37576226836600984,-0.8713264725636034,270.42932442765914,71.05260960043942,119.09561414077189,16.76345587462832,26.49160645803043,8.577185686418616,0.5124123112305431,0.9499999999999998,24.10136529939958,303.2921959823697,76.34512826456137,-72.73387230905617,108.80311032764916,59.325184488559906,-109.59343076160116
0.7855362869255222,0.39566381649058574,0.17240319043308486,-0.532320009995338,0.564943068918411,-0.25321627693018417,278.6392350422697,35.49798297888058,130.7405635899761,49.903663413982365,20.58268301956633,16.180054241746205,0.5093932241742728,0.9499999999999998,15.491688109871534,128.90325662060772,88.45368528099533,40.0715400762193,89.52323755100784,60.97903001153623,-151.02138728657252
0.5965322464776593,0.7477427447231517,-0.08682027146301893,-0.5253667541781653,-0.22238309951507546,-0.07116549229949438,115.5461995568679,10.764131398913648,337.940884238647,75.56417368078452,207.37019041919737,9.504549708552375,0.4452903160642067,0.9499999999999998,26.561558824353224,320.2339618142844,85.52317558531809,13.738152976959398,273.94268076490926,76.97288586722554,-173.72555518846514
0.7651803955414759,0.21177727465789778,0.26378852152039045,0.006588843590129422,-0.3987668902105638,-0.7717692391316051,114.7327218137079,64.22067725297403,278.3286854455797,24.858942885942653,11.306886525235914,6.398416672994401,0.6324834718650034,0.7999999999999999,14.588258320213386,270.26923756840495,73.16399032743399,-116.05357380282496,113.44587337453329,60.625332020340956,-61.15716720689251
0.5637838986573946,0.7627072106027796,-0.08588710577965696,-0.3390100025668112,0.23127195194298988,-0.2247738960905838,299.22453049503076,20.803291338683962,124.99118405971257,69.10001480237318,29.954357631689415,1.9201799239932171,0.3926137969929967,0.9499999999999998,29.690730521543173,321.72969726116503,83.72394370930176,-19.97575427874241,97.97635543242097,80.1599448889802,-161.46923922188427
0.854916299787439,0.23216466431558194,0.34213427410553765,-0.3886203745118037,0.27151329859285606,-0.46629592527563546,262.2366924735511,52.226993520605646,112.7494505031596,33.727491634921535,12.451583168074938,14.99038155773765,0.2462128082798572,0.9499999999999998,10.237669055043513,295.5946101776516,85.7478692514865,-56.166863315269886,86.70366438648662,56.66697323823654,-131.64947964992135
0.6987702673892452,0.6471025380289331,-0.08448386266008659,-0.3958915613505616,0.09547133729098907,-0.30287870603868405,295.2325944008328,15.951945848819221,109.14636835149992,73.96226834415125,204.77116202317592,1.6138702619220169,0.266910222217809,0.7999999999999999,24.887430212040663,90.04174297057226,84.62523959319246,-164.8673853040086,319.6630827204151,81.69528224628287,-13.768626394032845
0.6453196276420601,0.5292034786932743,-0.09119003383373078,-0.5701564483644818,-0.5180050931584075,-0.07516317927757785,106.28811922995908,27.020181881070755,323.4381833491901,57.38825276992854,205.17588361616504,16.854619705669222,0.5587666869939599,0.8999999999999999,20.52427717977855,316.2288857068348,85.40938887506756,32.32240232542896,271.54130437665583,63.27603438963357,-160.5751265366974
0.8582830415969417,0.3346651568460608,0.28704825515294446,0.022248043694808445,-0.18440393448729053,-0.8805310852917516,128.8181249703594,72.20529814331368,285.7575614435599,16.452669392895814,17.71342472326827,6.592436553264591,0.4882070731078188,0.8999999999999999,19.340396494957883,280.76831691483716,73.59058026199365,-107.17249461088028,115.37120026025039,60.51143950889249,-71.01175833047708
0.7150982272147305,0.5326251591167043,-0.010535138809151277,-0.0029823636402350677,-0.09160643726266032,-0.7121158635744962,108.02959966242145,80.07281848312796,298.41396052602977,9.767738763331934,208.11175720953412,1.754906090561846,0.26267295766938414,0.55,28.00813109124546,123.7454714550932,61.642011608794995,-78.88435055453422,292.2746211975177,58.14975324270398,-101.52102754539743
0.2915690502199052,0.7740576465424156,-0.5048507304887254,-0.18714676839275043,0.19104411836489874,-0.10442228182715399,311.20677503942454,28.006344417399184,93.9360722899308,56.24372292173052,211.68159968383205,17.28307511736348,0.535406023589646,0.7999999999999999,36.40854414196647,279.47353939243624,86.30997422496041,146.4222384345734,326.9990326676686,61.8888933498233,-19.50672420249291
0.8752535445228864,0.32489150757426505,0.2765034108489016,-0.2437247538196191,-0.08374267113785082,-0.6315287907032667,125.64862723928348,67.55469066934536,280.80832088184997,20.54986572228954,14.072898054885435,8.637647804070113,0.2620887708346737,0.55,15.071720555100077,272.98954049403187,70.05450930256333,-111.9267643289013,117.12371818849627,53.15291109998139,-63.98240500727106
0.8369670421334512,0.4020096987163747,0.21468452793140272,-0.18509719140178213,-0.014237655230014886,-0.651869850731669,136.78075985605147,75.67342693679441,287.1285941442802,12.51372771569936,18.659540245478464,6.863982776898183,0.2293734354996597,0.7999999999999999,19.095397578707534,282.94886194535457,71.8202109883702,-103.18274537796447,115.0483141299244,58.16773902195854,-75.2245610047067
0.5658523554010404,0.6204307170964669,0.20173657803840156,0.07840859640487603,-0.055516034531611344,-0.644260951805916,134.89782176023246,66.75841507456158,301.71392059099344,22.691788299443957,33.71053687058061,4.763018387193071,0.25814578927079557,0.4,34.27688223043278,289.6747321370134,63.4886519076425,-115.53779519581087,139.21586941252846,54.275276020481094,-61.62831527720937
0.7329886324744126,0.5016511148269563,0.10456379475661198,0.002694251409176781,0.10835912062569253,-0.7356828838835884,257.23672310553917,82.70981972740783,117.61767103683597,5.565911498489271,27.15927047848874,4.6933700750817735,0.2878254867163745,0.8499999999999999,26.974737238838994,299.6506783486655,69.99675609701015,-84.07551866849182,114.47246745591892,60.619541830827394,-96.39065983426752
0.8291455121924107,0.4483737139211075,0.060617752743636864,-0.30613176748921517,0.2818186197492643,-0.523013744703196,283.42104536671366,49.13445654466963,115.04042508846345,40.27944928712194,20.128098273988886,5.76994698254444,0.2837575953738921,0.8499999999999999,19.15247798023436,306.3883983877532,76.92819415820648,-48.416198213002666,92.74013453992434,65.87857938269224,-135.1024504365501
0.7144703834512091,0.5973752046226144,0.059818616052311306,-0.2499838582523574,-0.14113991228647343,-0.4644865251988512,115.3547216844126,38.47710753589641,295.91382616181784,51.521563674540786,205.57117654905923,0.27234164426734253,0.18971006280740915,0.6499999999999999,25.544014887278102,138.55620390912665,72.98647199606009,-35.04802859027983,272.5199577917154,72.48515506750955,-145.17500236581805
0.3497860695409233,0.5273546390842242,-0.4056785529286499,0.3320197185447516,-0.2568707599926244,-0.6818057880856745,14.80170279955763,72.32573224766432,130.89342791372934,7.977673851091879,223.14586972523972,15.665832927405688,0.35858805490177287,0.7,44.517478091778706,129.24985450824786,78.43354413328633,-98.14414717888002,318.3515826356909,47.19388875422987,-79.09555032321022
0.9215585940219582,0.23789591554524792,0.1500543531708873,-0.16231463287836737,0.3505136062880613,-0.759243961143591,267.13093938050736,65.5397039079293,106.96862124191715,23.165863117912323,13.773019696890296,7.422507912244072,0.43904930697707983,0.9499999999999998,11.850105234971949,293.0513387389927,76.09107826744881,-66.0914928333083,93.51077921288665,61.458490573977734,-116.60370251980464
0.7964627706202252,0.48245230733393285,-0.020933249901970315,-0.22231489854320555,0.4014393541666783,-0.57414787207702,286.8255688712724,51.1375663758482,117.06345897437461,38.4139357933944,23.074851377253918,5.012964433142386,0.41157948388765964,0.9499999999999998,21.722168757842855,307.70884709630025,76.8865496439693,-50.35901289971392,97.5946655834029,67.20290850024712,-132.37564688563543
0.633383536855108,0.26659863928503613,0.3120665451308588,0.3062886082438953,0.021078993637131054,-0.9396721450990035,173.08377199906832,78.89167868335034,296.3790298497434,6.151774800598417,27.380778129037,9.213385825942765,0.6407191167123076,0.9499999999999998,29.236285398122746,294.8522616827656,76.11486402429047,-96.33769591790883,120.28479946488517,57.70834400380488,-82.71709631977492
0.7828081878460446,0.4819029603219004,-0.08412996783739553,-0.29274241601608925,-0.38407653806431447,-0.4900657718299551,103.65441078123958,46.46490724227907,300.8152367591444,42.234104248363295,202.87275135275428,8.654451674156263,0.3568889107979969,0.75,20.93183313739687,130.9127085054553,79.06940395398706,-46.797306624892066,272.8615679299925,62.69045659411113,-139.1546658557674
0.8331985585436095,0.37201208270807035,0.21445883185494077,-0.20165663310418439,0.2318539526779474,-0.6315419254394249,264.35784726118226,67.75515122533656,112.52865793247635,19.827107710989594,19.003051729703127,9.678927867635977,0.27043065393838595,0.6499999999999999,17.857397457114562,298.889178156608,72.91997351191041,-69.21680461879149,97.28310016156702,53.89647764332185,-114.822280396662
0.5874667685419066,0.7585586661059778,-0.10040948353558084,-0.40056433656789064,0.266319182112037,-0.18690243197401588,298.0186371377534,21.05038987857432,123.77936038908605,68.85218354945889,28.764338803659147,1.9367317067087981,0.4377614127733242,0.9499999999999998,28.462794763993678,320.5052535831741,83.64763280249277,-20.213040742322423,96.81693795225621,80.05209123692072,-161.24267743493346
0.742494772099004,0.5493407669505488,-0.06257966697729435,-0.1737118652965674,0.08072648808654057,-0.5687829068024357,296.60288090782853,62.36165243659951,114.59908538688961,27.62394755984814,205.03004201685144,0.8234410302899704,0.14957991321921435,0.75,25.087388807817312,102.05474874976402,67.45992855262213,-120.13336417961793,308.1658904284736,65.8556088310971,-59.46146220530642
0.9567210800530993,0.1886479834977434,0.19481827993594078,-0.3686435190992238,-0.22588213844061136,-0.5880775609538758,105.810056709279,56.01816527511838,272.9181234380311,33.30716941381661,6.866268567430733,5.982250077225359,0.30541998321842145,0.75,7.945120108480304,261.97264591947544,73.88187242363287,-124.86159885018009,113.05209856005321,62.35100592094934,-51.68988300200291
0.7943699894751227,0.5217330305745231,0.00024941403911885013,-0.3522657330236145,0.20210892233707614,-0.4421042564515089,289.2891476940477,36.928616900228235,115.41959655857558,52.91343795044288,21.509514194733264,2.9508253027481572,0.2309269053493652,0.6,21.151473749736247,315.50097606569915,75.44991620889715,-34.496840313063686,86.76178287194244,70.07316055249947,-148.05192102386354
0.6788836831660312,0.6038635831577492,0.02637380373862191,-0.1673754952827504,0.16949242462100192,-0.5115081878832811,293.431197051396,48.663758867235316,121.24107868154499,41.071616549614845,27.85285221499725,3.879677171204051,0.16970639831230308,0.4,27.49045996904919,321.2139507112174,68.59746406079994,-45.11672773650854,93.01575176606967,61.512020153812266,-138.3753864703937
0.8057400896044556,0.4570855332717704,0.0621764730698064,-0.8729442558982021,-0.09422851082359988,0.06720416629374597,104.39612916959915,5.711013423701431,260.6784256197599,83.76610038056354,14.146864408925609,2.49088463916587,0.5594631524290217,0.7,14.285823473596173,256.7903117449764,89.5756215799902,-173.7805052169282,131.60906454641218,85.15251317362082,-3.924302410029101
0.643332328600397,0.7297572531741295,-0.038588938279610546,-0.501809174939053,-0.02048856925647915,-0.14152315366134346,115.93814214064625,0.12382663717089315,22.70431717168567,87.80598731062807,205.94287855259515,2.1905121989406524,0.38432584039468737,0.7999999999999999,25.941056593532547,321.62838881191357,88.07944582315889,1.0609358800053579,270.25558858901496,87.97210156659543,179.162376800914
0.6114012645318333,0.7217350562216521,-0.17935985914995953,-0.3423993620940995,0.38107062047139234,-0.26900190243773275,297.8859865890187,30.62856574410347,120.40869371564864,59.34707373742344,28.541175800632292,1.1064432227837386,0.4845228052741409,0.9499999999999998,28.27224970054631,318.74013241680626,79.44151626529272,-28.944596401009186,98.18482418883437,77.36574234284828,-151.8382613033688
0.40239826395078243,0.5978445278919146,0.4176592743006894,0.2708619053576163,0.007645285029918845,-0.6732601693083984,152.73070845354985,63.670045620830734,304.544154781886,23.566618217629127,39.44036690409889,11.071269707502125,0.3829649634202868,0.7,41.86110071174549,298.2550777423352,75.90246430729059,-114.34502379925058,142.84441044527972,54.251662053671296,-60.48632538085027
0.9302388779612716,0.2044952760822394,0.2747432799449869,-0.303123558163945,-0.1860508313075324,-0.6271153197973254,114.24996692184969,61.924030201420805,273.3449760959612,26.487018676297772,7.689778708454425,8.644718246580865,0.3125128973715074,0.9499999999999998,9.172918866654143,267.2022763835251,77.88031549614963,-117.13974800404401,109.44050435085522,60.90964523030024,-59.31105407222445
0.8246938624717133,0.24022157325273372,0.22393302976396068,-0.19519500728632944,0.5444716880966831,-0.6294988551853836,266.98899719085824,56.29712852928535,116.16664274766921,30.214672456455467,18.117926986718583,13.518932102367629,0.5306574422119519,0.9499999999999998,12.61195317812129,299.9771694952263,83.48970026863219,-59.56852689184603,94.04529380395729,57.11207172376391,-126.81879985621623
0.7641134579501337,0.5967719388969192,-0.024543746623467005,-0.5588760256020295,-0.18090275097010297,-0.20523743234810374,110.3154170926363,14.470662979554191,307.267857459325,74.90138674224788,201.40584275403512,4.217398690654946,0.36029173679654664,0.7999999999999999,21.0277055815212,136.2240109113997,87.5949186231766,-14.910227691902678,266.19775332080644,79.94870217270362,-168.67474448729777
0.7755862353384888,0.30535229818323373,0.24669547887337148,-0.6208038149707926,-0.472280699703435,-0.1547824203676954,104.5826077787385,31.560497594081603,263.5824555606352,56.656847021370346,8.57951151650633,9.662459747675996,0.6093279494775101,0.9499999999999998,11.810968322957283,259.0217370220404,87.0051466293264,-146.776131611144,119.58332159206341,68.8562798972022,-26.402422831131
0.4079023564831874,0.8919500784407853,-0.040629887941909075,-0.3561612114266856,-0.053330005206537336,-0.05174114505650175,123.36059637754313,1.423665641873896,10.934075087195792,86.27272396265577,213.44629161767452,3.4439615503474243,0.45758440579640786,0.9499999999999998,33.407015045958985,326.6984529674203,87.39792864499928,2.669590288851339,280.1673900175083,86.27305671263206,179.95016130467187
0.9219248594971944,0.2640200322054996,0.1721862702915743,-0.1636808477683646,0.02879013014235144,-0.7582440117288292,182.00000568895314,84.23606146112674,282.8125410572204,1.0848259186456914,12.92007395717974,5.660251492224347,0.3105400834652753,0.6499999999999999,12.969175094770565,282.3559620443207,67.17752583941876,-91.17698205483828,103.54830211379159,55.85762992690537,-88.6892265964857
0.8740673317482465,0.3711753913547716,0.08356348494309926,-0.26058710560672516,0.2631523522679419,-0.6134802261415222,277.96415138520297,59.35554059216117,110.8001659683415,30.012487451346253,17.53744267766731,5.627144418024628,0.2964425968579301,0.5,16.59741397359309,304.0538221550841,68.3521436520004,-57.44256385488401,89.30143306037874,57.607171578465376,-126.32490646176089
0.8646715645824947,0.40404464130983275,0.08554034144071508,-0.30796776403717346,0.13538656868400228,-0.5567038005453212,279.44728911090755,61.011413168518,110.06825291742348,28.570797894188416,17.61234433987817,4.499270579867471,0.15147777192621842,0.6,17.285752998250082,302.30478025736505,68.73342682541846,-59.12337867242983,91.78230012556524,60.05055151365361,-123.50075832024436
0.7254270693870155,0.5805203886929268,0.0198920641651031,-0.23106208877567483,-0.11625079724320106,-0.49436498061134215,114.1841743916215,43.73794290393085,296.6238774367422,46.23610277696179,205.35084785259622,1.2189683270820808,0.14092650075048194,0.7,25.25880225829124,135.82274096262435,72.51785120183132,-40.7847084116134,274.5896332433207,70.2359953180456,-140.1210904650022
0.6069743221087103,0.6562816868012268,0.005918611158972613,-0.10583825964721434,-0.1321962267445638,-0.501136062461497,118.45938064966903,45.874618584771945,303.2549129966251,44.02497252256544,210.9345843420922,2.3986174385088077,0.14425053466635746,0.4,30.747491575498582,145.72833694663217,68.42162967802595,-41.63869524942699,275.2401534419872,64.08194002544364,-140.59596159885876
0.9083834274656443,0.31813977872352484,0.1431129529322109,-0.25624875378131456,-0.031735127546276574,-0.6521346736843296,126.18803507112494,78.08669425230575,283.2168519624469,10.992557346785915,14.0998294210511,4.535997344505674,0.20934611207799297,0.6,14.324666592933227,278.15935715649266,65.58980358785237,-102.08717504510514,110.58380460823136,56.57075916374775,-76.79242481871319
0.7076211707804211,0.6530163444859726,-0.17993873851584882,-0.4610170678876772,0.3482643646794527,-0.24660410289274343,294.4398769540818,28.5564315595769,111.83728855959835,61.41873452729666,203.84477924532214,1.0933116010378257,0.474041833859505,0.9499999999999998,24.088907914482288,93.2555347932516,80.15146169605144,-153.03375607763007,314.58223240749277,78.105471439173,-26.180576278277524
0.814713437206518,0.19989982449707122,0.15507116409989075,-0.20119777361304006,-0.5213611678343367,-0.6135156635934766,103.13939261856076,54.556499652563716,277.57405442582507,35.31570311246241,9.439080077563839,2.63022598064984,0.6171040178293673,0.9499999999999998,10.740761083283601,265.6855456457658,73.78628683745896,-127.01511739764399,113.62439218591035,68.68116926230903,-51.64412915417599
0.6352872261969857,0.6012674050054766,-0.042021877389940815,-0.05671537517462809,0.390245884944996,-0.5785718510223575,293.6966379343728,52.16092045911517,126.25420982516059,37.1690627864183,31.60583573586376,6.10099082595319,0.39509051553055546,0.8499999999999999,30.04079202134893,316.8173356027125,76.40763157135159,-51.568547478675725,105.21558240364601,64.66281472266776,-131.9492932990605
0.5178110189371959,0.7651873403767719,-0.28130110160183414,-0.5415178998370704,0.12399382480571296,0.023706880899874574,299.02341344847093,13.45398346515077,75.90687812851856,71.85461653703803,206.121814642176,11.947517263114875,0.5311370494239,0.9499999999999998,27.65446379151641,273.47521911988946,84.3505525968428,162.72829009154955,319.66163810341504,73.61973635421091,-7.91584247068361
0.7534914153586109,0.5057454048498955,-0.04741616042889656,-0.03796999191161712,0.12225441233446349,-0.7155214234469934,294.7001342267135,74.38608032781815,116.11911827460905,15.609364964620198,26.016359291408854,0.36780395633753926,0.2877678164854158,0.55,25.978939623981393,305.02419739729027,61.01028772971078,-72.08414391906649,106.943515954284,60.28381720934974,-108.0484661931971
0.7238404403624545,0.6125821813042739,0.08015790218618284,-0.7525946552610684,-0.14605036391048648,0.02875421489861392,109.96490104243054,9.092547834320143,279.57768674772973,80.75855131029746,19.70261940604484,1.638391423740103,0.5419062713956904,0.9499999999999998,19.843156566854123,266.7614239998676,87.93294615147232,-170.99073046444963,132.72377671391075,84.91610510106412,-7.72757237069915
0.6146681791511122,0.5605430330503094,-0.08398230936432896,-0.8053798802627217,-0.03446822986750286,0.19071170111160982,109.13288009013463,0.2424307402476984,17.44423896749629,81.8289080079267,199.16767450983798,8.16744561517794,0.6462927426525719,0.8999999999999999,19.145025581803697,313.38583945322443,82.6427078997638,3.5646785443353903,264.93779424680594,82.4437655909121,176.88126106717223
0.6114306272461453,0.5716079173091485,-0.06667653945839286,0.1590530370634053,0.08631097080974853,-0.7704836643095504,305.29890780087635,79.03703361394065,124.1446800531736,10.96079582423883,214.18641354689922,0.21548627473498527,0.3255119966750626,0.8499999999999999,34.20549373248376,119.16993161687228,65.87935204338538,-102.0243244896775,309.21996798481194,65.45003589653292,-77.93424530840986
0.8607333753913562,0.4222324997538746,0.09730195838478949,-0.4065297629397418,0.1235770076400349,-0.4542036124516145,283.6462381421017,34.39413411672423,114.47339469406212,55.12461461429021,17.1384888097684,5.084873703959033,0.12041042230197542,0.6499999999999999,16.83913130677126,310.7333274905774,78.95758046595842,-33.293123268487605,82.37090560186527,69.6756150717975,-151.02908407995452
0.8598544884502247,0.4635241919881902,0.08821306584662592,-0.5464030306204405,-0.16231588716371279,-0.31345145782978473,107.19878061139653,22.12628389309488,282.40549141138945,67.80358971647584,16.51722355551977,1.6757487067015973,0.2944491560123537,0.45,16.697052141673666,255.76704755035635,79.6329956702736,-160.2642579938447,137.62752641063668,76.75787138375603,-17.976054698688426
0.6154496279809818,0.7036387504366367,-0.16986188191725057,-0.2881640534605795,0.3397078048585432,-0.32728557452040197,298.38223400066977,32.77387515478726,119.7812006173058,57.21835003674951,28.792251355101392,0.6368282776882097,0.4349953007237653,0.6499999999999999,28.64772846832642,323.2496694827038,75.61536793909144,-29.77866534827379,94.19350669789989,74.45663970232471,-150.76863024724784
0.5983842791837332,0.6984788246826452,-0.10635283187533105,-0.24258406291353501,0.3771131014327839,-0.35580021627019853,297.51046862908254,34.98600620681984,126.39704536262349,54.68828240373515,30.45308817370774,4.195319543255238,0.42430231462006907,0.55,29.476032105536333,325.7805112540614,76.77043313819995,-33.04251547909672,94.00320793612424,69.21891082275526,-150.7858283342236
0.7727082176015164,0.5134257711261024,0.09772889058814895,-0.29640992074351663,0.2219387926476167,-0.476298296858,286.0575132562552,44.13408497190485,119.54522273527849,45.06483713049951,22.69130166148145,6.790160416008291,0.2017217437488192,0.7,21.92237490145327,312.4002184427883,77.48434002788336,-43.519662908652236,91.34624367830645,64.75767833482828,-141.5028288264607
0.6930881969533756,0.6443382175140372,0.08591901335166277,-0.36219273494385823,-0.06923281341399729,-0.3308954620095164,115.78875230424867,15.33192291680895,287.70002444650663,74.52136593621037,25.219477740532902,2.075428977735399,0.22967381695118955,0.6499999999999999,25.343192223539763,267.70091848375023,84.58970147085464,-165.47599138592395,142.98309322128063,80.91222177456864,-12.58311075749302
0.7769047300293036,0.4385333247778864,0.050852726478419846,0.1341851990708624,-0.18491680565184407,-0.9110899291001663,111.73064426369285,77.68826214909987,297.33784662624896,12.254612041908914,207.08441880391925,1.1665997700973776,0.46365713821808846,0.7999999999999999,26.88291117006342,122.85690236329691,66.11664033191681,-76.57728380862878,291.2012246612495,63.79549556655682,-103.68419575691837
0.5655570948296124,0.7587633884102498,-0.09289698804327504,-0.3278451443908374,0.10544337935041714,-0.23771195043877483,299.9800162137797,13.869684497013353,114.3171328342549,76.06494008429107,209.65354978350916,1.3219474588051838,0.3292694126779165,0.7999999999999999,29.756859212981006,94.69203309110458,85.2361990593635,-166.88932675632336,324.7318588808885,82.84032770253577,-11.986483321000259
0.7900535630773486,0.5812093373656061,-0.07351825742251787,-0.6684944015826817,0.3296895485983462,-0.12155916149466674,288.8435167772488,20.918265081892997,115.23430077947094,68.96234526869915,19.661518917947188,2.1390214965956176,0.5039098616355939,0.9499999999999998,19.276893553858866,311.41197765804816,83.88345938555193,-20.167547942982118,87.68416268934429,79.91286808507243,-161.4413495606497
0.8321540511866192,0.38722449185418095,0.2891181935470987,-0.13179183494543179,-0.13155159579807033,-0.7003622162411872,127.15055450849601,67.20065139060878,284.94620918569757,21.264779605509574,18.019488399297327,7.843736380865366,0.3496812254768573,0.6499999999999999,19.38946603896992,277.3992469700104,71.35152195561362,-112.50566685455354,120.18358593559678,55.96800570325778,-64.04697242787329
