longitude,latitude,depth,strike,dip,rake,magnitude
125.952,-2.608,20.0,315.0,25.0,90.0,8.2
126.688,-5.401,10.0,235.0,69.0,21.0,6.2
126.87,3.787,20.0,12.0,66.0,100.0,6.49
118.243,4.924,13.2,327.0,83.0,-20.0,6.28
126.15,-2.88,43.4,91.0,83.0,3.0,6.3
125.12,-0.073,35.0,34.0,72.0,104.0,5.91
126.014,0.533,43.7,201.0,62.0,68.0,6.01
126.72,3.07,20.1,83.0,18.0,123.0,5.5
126.86,3.72,44.9,134.0,34.0,42.0,5.4
118.965,-7.715,20.0,171.0,76.0,-162.0,5.5
120.486,-1.909,35.0,33.0,86.0,167.0,6.12
126.279,1.396,44.4,197.0,58.0,85.0,6.27
125.72,-7.92,32.3,249.0,46.0,113.0,7.0
126.63,2.19,34.7,107.0,12.0,116.0,5.5
126.11,-2.31,15.0,104.0,43.0,-75.0,6.2
126.656,-1.955,25.0,264.0,48.0,-104.0,6.25
126.869,-1.064,25.0,283.0,80.0,-13.0,5.66
120.653,-0.808,35.0,310.0,65.0,-140.0,5.84
124.08,-0.31,46.1,97.0,83.0,-175.0,5.4
126.735,-1.005,27.7,270.0,24.0,-10.0,5.38
126.455,1.687,50.0,212.0,59.0,60.0,5.63
123.377,-4.267,30.0,123.0,24.0,19.0,5.44
124.597,4.664,35.0,135.0,88.0,-14.0,6.22
126.7,3.76,39.5,359.0,24.0,-36.0,5.4
125.289,-0.065,41.8,24.0,73.0,85.0,5.5
126.514,4.013,35.0,192.0,70.0,-86.0,5.54
120.308,1.125,36.9,85.0,83.0,-41.0,5.63
124.88,-0.08,45.1,202.0,23.0,90.0,5.4
126.009,0.547,43.9,214.0,60.0,106.0,6.12
126.735,3.866,15.0,177.0,63.0,91.0,5.49
120.383,0.993,30.5,263.0,82.0,90.0,6.36
126.918,3.083,37.1,358.0,75.0,104.0,6.97
121.26,-2.12,36.4,2.0,46.0,56.0,5.2
125.959,0.668,36.2,182.0,74.0,114.0,6.26
126.031,0.806,30.0,22.0,62.0,124.0,5.61
126.249,1.241,45.0,206.0,53.0,119.0,5.66
119.8,-2.95,15.0,18.0,36.0,-150.0,5.9
126.567,0.576,49.6,279.0,62.0,-44.0,6.04
125.932,0.707,38.2,295.0,71.0,52.0,6.52
127.0,3.52,26.6,110.0,14.0,41.0,6.0
126.042,1.047,35.0,334.0,63.0,58.0,5.64
125.744,-6.201,40.3,305.0,88.0,163.0,6.41
126.63,2.605,38.5,3.0,57.0,57.0,5.49
122.014,-2.704,20.0,221.0,82.0,-110.0,6.07
121.98,-3.55,15.0,110.0,22.0,-22.0,6.1
126.695,3.498,39.1,321.0,76.0,99.0,5.5
126.49,4.0,15.0,107.0,17.0,57.0,5.5
124.676,-1.947,18.2,103.0,59.0,-14.0,5.33
125.21,-2.46,36.0,103.0,59.0,-14.0,5.3
118.38,4.748,15.0,122.0,72.0,20.0,5.55
118.91,4.41,15.0,25.0,71.0,161.0,5.5
118.85,-4.22,15.7,38.0,24.0,100.0,5.6
123.327,-0.561,35.0,357.0,61.0,67.0,5.74
123.39,-0.01,36.0,220.0,36.0,126.0,5.7
124.23,-7.99,34.8,134.0,38.0,-140.0,5.2
121.31,-2.22,26.3,20.0,59.0,-146.0,5.6
126.631,-1.874,20.2,174.0,49.0,-64.0,5.46
126.366,1.515,39.1,35.0,33.0,84.0,5.39
126.639,1.739,44.0,127.0,69.0,37.0,5.67
123.36,-7.85,39.8,6.0,78.0,7.0,5.9
126.771,2.034,24.0,229.0,81.0,114.0,5.46
125.89,2.22,40.4,339.0,26.0,22.0,5.5
122.502,1.62,33.2,354.0,83.0,-20.0,5.56
123.19,1.71,47.6,86.0,70.0,-173.0,5.6
122.614,-5.968,30.0,258.0,61.0,111.0,5.55
123.26,-6.08,18.0,40.0,35.0,57.0,5.5
119.91,0.58,45.0,344.0,18.0,6.0,5.3
126.605,3.788,34.1,6.0,46.0,92.0,5.83
120.977,1.159,30.0,278.0,79.0,99.0,6.4
120.8,1.196,28.3,290.0,79.0,104.0,6.45
120.798,1.181,27.7,290.0,74.0,125.0,6.45
126.94,1.99,44.7,356.0,28.0,76.0,5.4
118.779,-2.803,28.1,194.0,74.0,90.0,6.66
125.27,4.95,29.8,19.0,26.0,133.0,5.6
119.61,0.84,49.0,319.0,21.0,-56.0,5.4
126.72,2.58,13.8,38.0,44.0,131.0,5.1
125.978,-4.784,39.5,246.0,79.0,-13.0,6.15
123.193,-3.433,20.0,179.0,22.0,97.0,5.35
126.337,1.378,35.0,194.0,72.0,81.0,6.33
126.44,1.25,33.3,46.0,58.0,115.0,5.85
125.382,0.368,35.0,24.0,76.0,83.0,5.76
119.42,-2.43,40.5,44.0,61.0,165.0,5.9
120.24,-2.17,10.6,307.0,41.0,-19.0,5.5
119.625,-2.034,20.0,51.0,78.0,-130.0,5.53
119.61,-2.036,20.0,312.0,72.0,-28.0,6.39
119.625,-2.14,20.0,153.0,88.0,53.0,5.89
119.729,-1.989,45.0,14.0,87.0,-174.0,6.65
119.38,-1.32,43.9,283.0,84.0,-3.0,6.6
122.929,1.252,33.6,272.0,70.0,89.0,6.13
123.38,-0.17,43.9,348.0,77.0,-7.0,5.5
122.879,1.205,43.9,265.0,69.0,94.0,5.61
126.364,1.714,47.4,216.0,58.0,103.0,6.91
126.27,1.77,37.8,192.0,35.0,120.0,5.5
125.64,-2.3,13.6,309.0,15.0,146.0,5.5
126.981,-0.993,27.5,343.0,24.0,69.0,5.31
126.55,3.726,30.4,12.0,47.0,88.0,6.16
126.885,-0.916,25.0,174.0,74.0,98.0,6.06
126.831,-0.843,15.0,201.0,87.0,119.0,6.15
126.76,-1.45,15.0,297.0,29.0,6.0,6.1
126.49,2.045,35.0,229.0,66.0,118.0,5.9
126.45,1.994,44.8,209.0,50.0,89.0,5.89
126.515,1.882,32.3,224.0,81.0,104.0,7.51
126.89,3.08,20.2,347.0,16.0,34.0,7.5
126.514,1.925,29.1,35.0,80.0,-94.0,6.22
126.572,1.897,20.0,29.0,79.0,-89.0,6.41
126.509,1.827,30.2,94.0,84.0,-80.0,6.03
126.933,2.328,36.3,334.0,61.0,115.0,6.42
126.35,2.2,23.9,342.0,38.0,95.0,5.8
126.571,2.164,40.6,201.0,53.0,111.0,5.48
126.68,2.32,17.8,339.0,43.0,111.0,5.5
125.851,0.619,20.0,188.0,80.0,85.0,5.8
126.677,3.777,29.0,26.0,71.0,123.0,6.02
126.741,2.531,35.0,275.0,85.0,-18.0,5.95
126.192,1.384,44.8,220.0,53.0,118.0,6.38
126.568,1.729,32.6,230.0,72.0,135.0,6.2
126.46,1.15,37.3,20.0,43.0,55.0,5.4
126.199,0.886,36.6,34.0,51.0,91.0,6.2
126.501,2.184,46.2,215.0,57.0,98.0,6.06
126.769,3.585,25.0,176.0,32.0,90.0,5.15
125.158,4.406,45.8,344.0,49.0,62.0,5.68
126.521,3.941,28.4,127.0,21.0,30.0,5.32
125.596,4.054,31.7,187.0,61.0,100.0,5.58
126.166,0.591,41.0,354.0,46.0,64.0,5.27
126.51,2.63,15.0,331.0,39.0,87.0,5.3
125.93,0.04,20.4,230.0,24.0,118.0,5.8
125.106,-0.177,43.0,17.0,62.0,72.0,6.06
125.78,-0.24,18.6,232.0,33.0,121.0,6.1
124.92,-0.243,40.0,21.0,71.0,75.0,6.26
125.68,-0.14,15.0,240.0,24.0,126.0,6.3
125.11,0.032,41.0,34.0,60.0,83.0,5.62
125.428,3.724,19.9,359.0,29.0,76.0,5.25
124.88,3.63,34.4,359.0,29.0,76.0,5.2
124.955,-0.155,24.6,31.0,64.0,82.0,5.62
125.62,0.05,49.3,229.0,28.0,106.0,5.6
126.721,3.874,27.0,17.0,54.0,113.0,5.65
125.3,-2.033,30.0,69.0,83.0,-14.0,5.92
126.641,3.875,30.0,3.0,60.0,89.0,5.63
126.874,3.148,27.1,234.0,69.0,-46.0,5.65
125.21,1.51,29.6,56.0,60.0,8.0,5.1
125.102,-0.292,49.5,10.0,61.0,39.0,5.56
126.475,4.226,35.8,200.0,48.0,97.0,5.92
126.98,4.33,18.1,10.0,42.0,82.0,5.9
126.589,4.236,36.7,200.0,42.0,109.0,5.32
122.141,-0.297,20.0,176.0,87.0,9.0,5.52
125.81,2.11,15.0,210.0,32.0,2.0,5.4
126.8,2.035,44.7,318.0,75.0,68.0,5.88
126.517,1.591,15.0,34.0,45.0,116.0,5.23
126.1,2.66,18.6,34.0,45.0,116.0,5.2
126.564,2.424,30.0,210.0,59.0,92.0,7.1
126.655,2.48,30.0,43.0,56.0,121.0,5.9
126.737,2.511,30.0,244.0,65.0,115.0,5.62
126.645,2.518,30.0,231.0,66.0,100.0,5.78
126.564,2.438,30.0,23.0,47.0,72.0,5.77
126.732,2.423,15.0,182.0,88.0,106.0,5.54
126.77,2.33,15.0,4.0,19.0,54.0,5.3
126.95,3.21,36.9,16.0,39.0,66.0,5.4
126.329,0.484,15.0,345.0,58.0,63.0,5.54
126.873,2.411,42.2,161.0,82.0,84.0,5.47
124.924,-0.053,35.0,11.0,74.0,77.0,5.85
126.181,1.166,34.9,222.0,46.0,101.0,6.03
126.72,2.46,24.3,232.0,47.0,134.0,5.2
120.139,1.076,29.0,260.0,69.0,114.0,5.52
126.43,3.07,33.3,163.0,22.0,56.0,5.4
126.672,0.053,35.0,355.0,17.0,85.0,5.41
126.09,-0.04,33.0,355.0,17.0,85.0,5.4
126.49,2.81,15.0,323.0,27.0,69.0,5.4
126.788,2.644,35.0,315.0,80.0,57.0,5.61
123.266,-3.759,19.9,330.0,73.0,69.0,5.82
121.52,1.093,35.0,194.0,50.0,-98.0,5.74
125.41,-7.86,36.4,67.0,33.0,103.0,6.6
121.18,-7.94,30.4,83.0,45.0,139.0,6.6
126.0,0.96,36.0,222.0,32.0,97.0,5.2
126.54,1.0,39.4,334.0,72.0,4.0,6.0
126.052,1.032,45.8,24.0,59.0,121.0,5.98
126.562,2.099,49.0,206.0,59.0,110.0,5.57
126.57,4.91,46.7,47.0,55.0,140.0,5.3
126.42,4.77,48.4,207.0,33.0,111.0,5.7
126.311,-2.946,25.0,61.0,62.0,29.0,5.12
126.03,-2.36,34.6,61.0,62.0,29.0,5.1
125.162,-2.134,22.1,71.0,62.0,-21.0,5.12
121.154,-7.909,25.0,87.0,83.0,171.0,5.59
126.806,3.635,15.7,195.0,51.0,177.0,5.12
122.68,-0.47,33.0,229.0,41.0,-156.0,5.1
122.853,1.239,36.6,257.0,64.0,73.0,7.62
122.975,1.291,25.0,268.0,67.0,86.0,6.48
123.118,1.391,30.0,278.0,62.0,109.0,5.95
123.59,1.9,31.8,60.0,38.0,41.0,5.3
123.473,1.182,30.0,346.0,81.0,-43.0,6.3
122.92,1.34,40.5,85.0,48.0,-168.0,6.3
123.357,1.226,35.3,278.0,64.0,110.0,5.47
123.77,1.92,38.1,59.0,32.0,56.0,5.5
120.09,0.964,29.6,16.0,21.0,21.0,5.23
122.932,1.241,30.7,298.0,63.0,92.0,5.93
123.97,2.12,33.0,58.0,17.0,57.0,5.3
119.57,-2.84,15.0,264.0,55.0,-15.0,5.2
123.36,1.54,41.3,47.0,18.0,70.0,5.3
123.89,1.197,30.0,227.0,63.0,81.0,5.97
123.29,1.19,15.0,65.0,29.0,106.0,6.0
123.36,1.33,33.0,119.0,12.0,109.0,5.7
122.849,1.164,30.5,57.0,29.0,66.0,5.44
123.501,1.336,28.0,224.0,76.0,82.0,5.52
123.019,1.132,30.4,72.0,29.0,49.0,5.24
123.01,1.94,15.0,72.0,29.0,49.0,5.2
121.436,1.086,30.9,196.0,62.0,-105.0,5.58
125.53,0.91,45.6,213.0,20.0,102.0,5.1
126.92,0.93,15.0,157.0,68.0,-14.0,5.3
123.089,1.338,29.3,75.0,26.0,80.0,5.37
126.107,0.39,36.9,1.0,53.0,53.0,6.21
126.042,0.579,40.0,355.0,49.0,63.0,6.34
123.024,1.252,34.9,275.0,71.0,92.0,5.68
124.014,1.038,30.9,322.0,48.0,67.0,5.79
124.043,1.089,30.7,352.0,40.0,107.0,5.28
124.023,1.141,34.8,153.0,49.0,97.0,6.06
123.42,1.66,33.0,74.0,26.0,61.0,5.1
123.14,1.37,18.1,94.0,21.0,84.0,5.5
123.88,1.3,24.9,296.0,36.0,75.0,5.3
126.834,2.134,35.0,295.0,88.0,85.0,5.8
126.58,2.56,39.9,32.0,36.0,92.0,5.3
126.111,0.606,45.2,223.0,52.0,114.0,5.74
126.354,1.642,20.0,11.0,41.0,-87.0,5.09
123.62,1.42,33.0,122.0,9.0,106.0,5.3
122.962,1.177,23.7,291.0,67.0,98.0,6.87
126.516,-7.469,25.0,283.0,59.0,106.0,6.57
122.768,1.199,30.0,276.0,83.0,88.0,7.52
126.64,2.74,38.5,28.0,32.0,102.0,5.4
122.74,1.56,15.0,321.0,63.0,150.0,5.4
123.065,1.147,31.2,69.0,31.0,58.0,5.36
124.74,-7.76,44.3,62.0,29.0,89.0,5.6
122.4,-7.61,43.7,14.0,83.0,-1.0,5.8
122.542,1.088,30.0,273.0,65.0,92.0,6.59
122.551,1.261,27.2,115.0,38.0,115.0,5.03
122.755,1.397,25.0,93.0,40.0,80.0,5.27
122.098,1.238,30.0,286.0,66.0,108.0,5.93
126.678,3.599,15.0,7.0,25.0,133.0,5.3
126.456,3.517,25.4,350.0,14.0,106.0,5.38
126.81,-3.42,33.0,212.0,82.0,-178.0,5.1
123.08,1.37,47.9,39.0,29.0,138.0,5.3
126.88,2.43,31.4,1.0,39.0,52.0,5.3
126.96,3.22,19.0,197.0,6.0,121.0,5.9
122.613,1.277,34.2,258.0,78.0,82.0,6.09
125.89,-0.331,48.7,85.0,78.0,96.0,5.5
124.081,1.055,33.6,334.0,52.0,107.0,5.94
124.186,1.109,30.0,273.0,52.0,84.0,5.7
124.117,1.024,32.2,97.0,50.0,95.0,5.95
124.04,1.1,17.8,280.0,41.0,83.0,5.8
123.357,1.372,34.6,307.0,75.0,110.0,5.56
125.64,-0.05,45.8,223.0,23.0,98.0,5.5
123.575,1.256,35.0,53.0,33.0,56.0,5.41
123.44,1.34,15.0,295.0,42.0,117.0,5.2
125.991,1.104,42.7,43.0,30.0,136.0,5.4
126.641,2.614,40.0,205.0,80.0,81.0,5.68
119.699,-1.562,25.0,160.0,83.0,19.0,5.67
119.5,-1.6,31.0,68.0,72.0,173.0,5.1
120.08,-1.17,48.4,68.0,72.0,173.0,5.7
126.65,-3.22,15.0,72.0,61.0,-3.0,5.2
126.732,-3.088,17.3,72.0,61.0,-3.0,5.24
125.7,1.01,15.5,343.0,13.0,-126.0,5.3
120.1,-4.4,25.0,203.0,43.0,91.0,5.5
120.72,-4.06,43.5,203.0,43.0,91.0,5.3
126.43,1.69,43.8,180.0,28.0,76.0,5.2
123.0,1.1,29.0,74.0,37.0,59.0,5.5
124.891,0.098,45.0,28.0,61.0,82.0,5.67
125.29,-0.13,49.2,224.0,30.0,103.0,5.7
124.3,-1.0,34.0,309.0,10.0,127.0,5.8
122.8,1.61,17.7,116.0,44.0,133.0,5.4
126.87,2.83,47.4,51.0,44.0,82.0,4.9
120.356,0.802,37.2,285.0,56.0,-18.0,5.43
122.43,2.11,47.9,98.0,35.0,102.0,5.2
122.7,0.5,46.0,274.0,24.0,-138.0,5.3
125.898,0.591,20.0,173.0,80.0,79.0,6.91
125.785,0.62,17.2,183.0,81.0,84.0,6.73
125.0,1.2,36.0,35.0,11.0,122.0,6.3
125.71,0.63,16.6,35.0,11.0,122.0,6.7
125.88,0.359,25.0,209.0,57.0,102.0,5.89
125.81,0.358,25.0,181.0,64.0,103.0,5.88
123.9,1.4,0.0,333.0,29.0,65.0,5.3
126.176,0.513,46.7,334.0,44.0,-85.0,5.41
125.87,1.19,15.0,334.0,44.0,-85.0,5.4
126.454,1.996,28.7,206.0,78.0,-83.0,5.98
125.92,2.23,15.0,356.0,13.0,-119.0,6.0
123.3,-0.7,40.0,266.0,31.0,154.0,5.1
123.394,1.245,25.0,109.0,13.0,93.0,5.23
124.88,-7.71,33.0,41.0,37.0,56.0,5.3
125.14,-7.71,33.0,46.0,32.0,76.0,5.5
126.072,0.592,35.0,213.0,69.0,132.0,5.63
126.9,-2.56,42.5,42.0,41.0,-6.0,5.4
126.1,1.7,38.0,34.0,36.0,74.0,5.2
126.32,2.44,44.5,34.0,36.0,74.0,5.5
124.1,-0.4,35.0,180.0,38.0,12.0,5.5
119.81,-2.97,33.0,216.0,68.0,177.0,5.3
120.8,2.0,39.0,39.0,73.0,-3.0,5.1
120.858,1.965,30.0,130.0,88.0,-163.0,5.65
126.505,1.64,40.8,66.0,46.0,115.0,5.11
126.74,2.26,39.0,66.0,46.0,115.0,5.1
126.17,1.38,49.3,330.0,57.0,31.0,5.9
126.841,2.557,46.3,153.0,63.0,83.0,6.21
121.1,-1.6,50.0,142.0,74.0,16.0,5.2
121.0,-0.25,43.2,142.0,74.0,16.0,5.2
120.2,-1.1,30.0,129.0,29.0,-58.0,5.8
121.3,-2.7,30.0,24.0,81.0,178.0,4.8
121.183,-2.369,35.0,24.0,81.0,178.0,5.23
121.93,-1.89,49.0,24.0,81.0,178.0,5.2
126.98,3.17,38.3,207.0,17.0,136.0,5.3
125.48,-1.99,33.0,280.0,70.0,-5.0,5.3
126.722,4.254,43.9,26.0,54.0,96.0,5.69
126.85,4.22,43.3,196.0,37.0,82.0,5.7
123.61,0.46,33.0,109.0,57.0,-24.0,5.0
123.473,0.451,47.5,109.0,57.0,-24.0,5.04
126.191,0.906,28.4,151.0,41.0,54.0,5.15
126.0,0.5,43.0,218.0,48.0,114.0,5.4
121.618,1.241,28.0,9.0,53.0,-87.0,5.95
122.0,0.6,35.0,185.0,37.0,-93.0,5.5
121.72,1.32,17.8,185.0,37.0,-93.0,5.9
126.706,3.598,40.3,14.0,48.0,116.0,6.23
126.807,3.46,21.6,18.0,26.0,139.0,5.13
126.862,3.563,23.3,349.0,59.0,82.0,5.63
119.963,0.741,33.5,252.0,85.0,94.0,7.87
120.2,0.3,21.0,36.0,6.0,54.0,5.5
119.93,0.74,15.0,36.0,6.0,54.0,7.9
119.3,1.0,33.0,165.0,72.0,161.0,4.7
119.965,0.722,35.0,165.0,72.0,161.0,5.43
119.88,0.66,26.7,53.0,57.0,-8.0,5.5
125.0,0.08,40.1,202.0,28.0,78.0,5.0
120.169,0.937,36.7,148.0,20.0,124.0,5.28
119.621,0.489,30.7,235.0,86.0,34.0,5.61
120.162,0.945,21.6,257.0,77.0,95.0,5.7
120.158,1.05,14.9,257.0,76.0,94.0,6.02
124.734,-2.006,35.2,297.0,62.0,3.0,5.44
126.501,3.021,45.6,17.0,69.0,92.0,5.88
127.039,-3.913,36.2,279.0,33.0,101.0,5.25
126.201,3.04,32.8,206.0,74.0,101.0,5.89
120.373,1.072,29.9,58.0,22.0,66.0,5.44
126.236,3.077,30.5,221.0,65.0,95.0,5.58
126.35,3.6,37.6,30.0,26.0,80.0,5.6
126.1,3.3,33.0,354.0,24.0,43.0,5.2
126.5,1.9,33.0,200.0,36.0,109.0,5.5
126.551,1.579,32.6,357.0,56.0,77.0,6.02
122.869,1.381,32.8,301.0,72.0,102.0,5.72
120.24,1.036,25.0,262.0,76.0,95.0,6.56
120.26,0.86,0.0,63.0,14.0,71.0,6.0
120.35,1.27,21.0,63.0,14.0,71.0,6.5
120.458,1.027,28.4,264.0,77.0,96.0,6.98
120.561,1.161,28.1,70.0,25.0,68.0,5.38
120.5,0.9,33.0,70.0,25.0,68.0,5.6
120.219,0.971,28.6,256.0,75.0,95.0,5.93
120.2,1.0,33.0,57.0,16.0,71.0,6.3
120.35,1.36,20.0,57.0,16.0,71.0,5.9
120.97,1.79,33.0,47.0,24.0,38.0,5.1
125.078,-0.108,47.4,31.0,65.0,79.0,6.0
125.1,0.3,28.0,145.0,50.0,-47.0,6.4
124.995,-0.184,41.6,270.0,56.0,-129.0,5.67
120.197,1.008,27.3,40.0,21.0,50.0,5.26
120.26,1.69,43.4,40.0,21.0,50.0,5.3
120.453,0.332,28.5,200.0,63.0,-102.0,5.66
120.243,1.02,34.3,257.0,74.0,97.0,5.79
120.32,1.43,18.0,52.0,17.0,66.0,5.8
120.109,1.026,29.5,95.0,21.0,82.0,5.17
120.58,1.75,33.0,95.0,21.0,82.0,5.2
126.461,0.902,33.0,59.0,32.0,111.0,5.32
120.668,1.194,30.0,267.0,88.0,93.0,5.59
126.312,0.379,40.0,24.0,49.0,88.0,5.74
119.2,0.8,31.0,142.0,57.0,175.0,4.8
125.3,-0.2,31.0,235.0,18.0,123.0,5.6
126.352,3.976,40.9,213.0,40.0,106.0,5.13
126.9,4.17,40.9,213.0,40.0,106.0,5.1
126.3,0.4,35.0,187.0,34.0,41.0,4.6
126.53,0.54,29.8,187.0,34.0,41.0,5.3
126.364,4.02,29.8,278.0,18.0,-128.0,5.31
125.31,-0.02,37.3,208.0,19.0,80.0,5.3
117.58,-7.978,28.5,229.0,68.0,9.0,5.1
125.411,0.398,50.0,29.0,73.0,82.0,5.75
120.33,-1.95,42.1,287.0,46.0,-59.0,5.4
121.7,-0.9,36.0,322.0,86.0,2.0,5.2
124.4,-1.13,35.3,313.0,65.0,27.0,5.1
126.5,2.5,33.0,23.0,35.0,89.0,4.9
126.529,2.195,41.5,205.0,55.0,91.0,6.02
119.7,-3.9,33.0,13.0,40.0,110.0,6.0
126.2,2.4,33.0,294.0,62.0,169.0,5.1
124.61,-1.19,34.5,206.0,81.0,175.0,5.5
124.02,-0.883,49.4,297.0,85.0,9.0,5.52
122.498,1.229,25.0,275.0,69.0,89.0,7.02
122.6,1.3,40.0,98.0,21.0,93.0,6.5
122.71,1.37,29.4,98.0,21.0,93.0,7.0
126.5,2.8,33.0,32.0,26.0,122.0,5.6
126.56,2.42,47.9,81.0,18.0,44.0,5.4
125.56,-2.24,31.5,109.0,66.0,22.0,5.3
126.97,3.9,27.7,251.0,69.0,166.0,5.1
119.563,0.268,30.0,207.0,72.0,28.0,6.61
126.13,1.67,34.8,244.0,21.0,105.0,5.3
120.99,1.8,38.3,268.0,69.0,-3.0,5.0
124.06,-6.1,46.0,37.0,27.0,89.0,5.1
126.45,1.69,37.3,215.0,19.0,100.0,5.2
125.4,-2.9,8.0,181.0,29.0,130.0,5.0
126.23,-2.761,30.0,181.0,29.0,130.0,5.22
122.7,-0.6,34.0,166.0,56.0,147.0,4.8
124.5,4.85,36.8,201.0,33.0,129.0,5.3
125.019,-0.086,50.0,34.0,63.0,78.0,6.11
126.3,3.94,15.0,307.0,37.0,73.0,5.1
126.332,3.819,17.5,313.0,30.0,74.0,6.12
119.8,-0.3,33.0,359.0,34.0,41.0,6.0
120.1,-0.8,28.0,355.0,31.0,35.0,5.5
120.55,0.32,30.3,355.0,31.0,35.0,6.0
125.2,-7.5,40.0,34.0,28.0,77.0,5.2
126.02,-7.61,42.7,34.0,28.0,77.0,5.4
123.154,-3.493,25.0,222.0,53.0,-102.0,5.61
125.848,0.902,35.0,148.0,84.0,13.0,6.49
125.8,0.4,10.0,48.0,69.0,-165.0,5.0
126.113,0.797,41.8,327.0,54.0,16.0,5.01
126.472,1.696,43.4,239.0,65.0,90.0,5.51
126.51,2.51,33.6,59.0,25.0,90.0,5.5
124.818,-1.924,25.0,196.0,65.0,-150.0,7.71
126.174,1.331,35.3,201.0,37.0,77.0,6.55
125.9,0.4,0.0,183.0,65.0,22.0,5.1
126.6,3.0,0.0,78.0,28.0,168.0,5.1
126.72,1.58,25.1,78.0,28.0,168.0,5.2
126.153,1.184,30.0,126.0,87.0,88.0,5.56
126.106,1.241,39.2,165.0,66.0,47.0,6.13
126.081,1.221,21.7,190.0,37.0,67.0,5.17
123.713,-1.274,25.0,332.0,86.0,5.0,5.92
126.91,4.4,44.0,185.0,29.0,67.0,5.3
126.68,2.94,47.2,31.0,27.0,89.0,5.4
119.568,0.295,36.8,15.0,87.0,-16.0,5.47
126.5,-2.79,15.0,149.0,41.0,142.0,5.7
123.4,-4.5,45.0,308.0,51.0,-25.0,5.0
126.84,3.33,48.4,177.0,28.0,74.0,5.4
120.0,1.2,16.0,49.0,19.0,56.0,5.0
123.1,-0.5,45.0,226.0,29.0,67.0,5.4
121.496,-0.381,42.0,93.0,58.0,-31.0,5.44
126.61,4.09,24.6,149.0,19.0,28.0,5.3
124.21,0.97,39.4,227.0,30.0,70.0,5.3
126.49,4.09,17.2,298.0,23.0,45.0,5.5
126.52,2.44,36.1,259.0,34.0,82.0,5.0
122.578,-1.715,25.0,216.0,86.0,-170.0,6.13
122.606,-1.761,24.2,145.0,74.0,21.0,5.53
126.49,2.73,31.3,22.0,39.0,-1.0,5.2
126.96,2.97,41.8,76.0,51.0,152.0,5.2
125.46,0.31,41.3,231.0,29.0,141.0,5.1
126.2,0.3,28.0,248.0,55.0,135.0,5.0
125.997,0.632,40.0,189.0,53.0,85.0,5.97
121.1,-0.6,0.0,265.0,43.0,-93.0,5.7
126.0,0.3,35.0,87.0,8.0,-169.0,4.8
126.165,0.551,25.0,18.0,77.0,-93.0,5.66
120.736,-7.931,25.0,88.0,50.0,118.0,5.74
122.83,-7.03,33.0,234.0,40.0,70.0,5.1
121.28,-7.7,41.1,234.0,40.0,70.0,5.6
126.212,1.359,37.2,23.0,30.0,104.0,5.43
126.76,-0.28,12.0,23.0,30.0,104.0,5.1
126.38,1.52,37.2,23.0,30.0,104.0,5.4
126.81,-1.25,12.0,21.0,42.0,90.0,5.1
126.248,0.955,23.4,21.0,42.0,90.0,5.45
120.84,1.219,30.0,45.0,37.0,-76.0,5.31
120.76,-0.27,33.0,45.0,37.0,-76.0,5.1
124.71,4.64,28.0,203.0,58.0,-168.0,5.2
120.165,1.033,15.0,262.0,76.0,97.0,5.52
123.551,-1.12,30.0,319.0,83.0,26.0,7.53
123.59,-1.29,18.6,225.0,64.0,172.0,7.5
123.1,-1.54,33.0,219.0,77.0,175.0,4.7
123.376,-1.212,30.0,310.0,85.0,13.0,5.69
122.471,-2.608,45.0,15.0,85.0,166.0,5.54
121.879,-2.668,38.0,213.0,70.0,-158.0,5.19
123.409,-1.437,30.0,336.0,58.0,48.0,5.55
123.197,-4.34,20.0,16.0,64.0,70.0,6.24
123.57,-1.41,21.0,223.0,67.0,-178.0,4.3
118.31,1.3,21.0,68.0,16.0,64.0,4.4
118.392,1.065,17.8,68.0,16.0,64.0,5.41
121.53,0.29,33.0,5.0,63.0,-19.0,5.5
126.53,0.02,33.0,295.0,22.0,3.0,5.8
123.312,-1.373,15.0,218.0,80.0,153.0,5.51
123.344,-5.809,15.0,261.0,18.0,89.0,5.17
122.84,-5.3,33.0,261.0,18.0,89.0,5.0
126.38,1.454,32.7,193.0,28.0,68.0,5.09
126.33,1.16,33.0,193.0,28.0,68.0,4.4
124.0,-1.62,33.0,42.0,77.0,178.0,5.5
121.45,-0.99,33.0,124.0,8.0,-49.0,5.1
121.88,-1.01,33.0,124.0,8.0,-49.0,5.4
119.95,-0.49,20.0,108.0,54.0,-150.0,4.5
120.25,-0.62,27.2,108.0,54.0,-150.0,5.4
126.22,1.85,33.0,4.0,28.0,31.0,4.9
126.52,2.835,38.1,10.0,71.0,98.0,5.48
125.76,0.83,33.0,165.0,20.0,66.0,4.7
123.465,1.281,41.6,66.0,18.0,45.0,5.28
122.88,1.53,41.6,66.0,18.0,45.0,5.3
126.265,1.428,35.0,32.0,49.0,100.0,7.04
126.48,0.63,33.0,197.0,42.0,78.0,4.5
126.42,1.55,42.8,197.0,42.0,78.0,7.0
126.218,1.574,35.0,65.0,59.0,127.0,5.75
126.444,1.645,30.0,50.0,55.0,131.0,6.18
126.308,1.325,38.5,211.0,42.0,98.0,5.4
121.12,-1.09,33.0,211.0,42.0,98.0,4.3
126.37,1.45,28.2,225.0,29.0,90.0,5.2
126.272,1.436,15.0,68.0,30.0,171.0,5.32
122.16,0.28,33.0,351.0,45.0,48.0,4.6
124.773,-7.846,30.5,296.0,30.0,69.0,5.3
125.16,-7.24,28.1,296.0,30.0,69.0,5.3
122.53,-5.35,33.0,296.0,30.0,69.0,4.2
121.88,-0.93,15.0,318.0,47.0,-35.0,5.1
124.15,-5.29,33.0,180.0,42.0,-155.0,4.8
125.61,-1.17,33.0,223.0,26.0,92.0,5.4
125.17,0.47,33.0,269.0,28.0,139.0,4.8
123.39,-3.9,33.0,228.0,11.0,142.0,5.0
123.28,-4.258,20.0,355.0,83.0,82.0,5.59
123.82,-3.9,16.0,228.0,11.0,142.0,5.6
126.24,2.56,33.0,197.0,34.0,67.0,5.4
126.328,1.508,35.0,44.0,60.0,105.0,5.67
126.942,2.78,35.0,28.0,63.0,91.0,5.81
120.637,-7.426,25.0,14.0,28.0,70.0,5.4
121.22,-7.32,39.0,14.0,28.0,70.0,5.4
126.92,2.7,42.2,349.0,80.0,-11.0,5.2
125.73,0.61,30.0,43.0,60.0,157.0,5.1
126.551,1.086,10.0,175.0,24.0,51.0,5.08
126.461,1.058,25.6,174.0,49.0,56.0,5.01
126.358,1.079,30.0,202.0,46.0,103.0,6.07
126.44,1.14,21.0,4.0,45.0,77.0,5.7
126.56,1.34,31.7,4.0,45.0,77.0,6.1
126.056,1.212,42.7,346.0,46.0,41.0,5.22
125.848,0.878,15.0,313.0,11.0,-177.0,5.22
125.34,1.39,15.0,313.0,11.0,-177.0,5.2
125.1,-0.4,33.0,278.0,29.0,113.0,4.9
125.884,0.872,25.0,177.0,72.0,59.0,5.95
126.56,4.121,24.9,357.0,37.0,37.0,5.18
123.951,-4.1,15.0,89.0,86.0,13.0,7.45
124.11,-4.31,18.8,358.0,77.0,176.0,7.4
124.26,-5.2,34.1,185.0,72.0,-172.0,5.3
124.33,-3.86,15.0,97.0,44.0,9.0,5.4
126.476,1.837,20.0,202.0,59.0,75.0,5.7
124.044,-4.964,30.0,101.0,76.0,17.0,5.65
126.549,3.561,31.2,177.0,27.0,59.0,5.34
126.32,1.33,32.7,35.0,36.0,121.0,5.2
122.236,-2.963,35.2,104.0,24.0,12.0,5.27
119.0,-1.0,33.0,170.0,50.0,12.0,5.0
119.901,-1.161,38.3,170.0,50.0,12.0,5.18
120.51,-1.34,38.3,170.0,50.0,12.0,5.2
123.4,-0.2,33.0,233.0,56.0,141.0,4.7
126.67,3.03,33.0,222.0,30.0,-21.0,4.9
126.361,3.036,40.0,168.0,84.0,-72.0,5.71
126.08,-2.07,21.0,277.0,19.0,-160.0,5.4
120.07,-3.66,33.0,272.0,30.0,-7.0,4.5
122.5,-0.7,21.0,221.0,64.0,175.0,5.3
120.215,-1.776,23.0,221.0,64.0,175.0,5.05
119.41,-1.11,35.0,100.0,37.0,-165.0,4.7
119.836,0.692,35.0,100.0,37.0,-165.0,5.13
123.295,-4.174,15.0,225.0,27.0,143.0,5.42
122.52,-3.89,33.0,225.0,27.0,143.0,4.8
123.4,1.46,29.0,138.0,60.0,-176.0,5.4
125.08,-1.28,32.0,217.0,16.0,119.0,4.8
125.33,1.1,33.0,228.0,23.0,108.0,5.4
126.674,3.598,17.6,175.0,20.0,79.0,5.15
126.847,3.372,37.4,14.0,34.0,109.0,4.97
126.835,3.427,19.8,180.0,21.0,102.0,5.27
126.911,3.454,28.1,184.0,11.0,66.0,5.19
126.89,3.98,28.1,184.0,11.0,66.0,5.2
126.782,3.41,15.0,175.0,8.0,90.0,5.18
123.19,-0.598,39.1,36.0,43.0,21.0,5.08
125.8,0.86,33.0,170.0,34.0,24.0,5.1
125.92,0.28,31.8,170.0,34.0,24.0,5.1
125.985,0.898,31.8,170.0,34.0,24.0,5.14
125.533,3.461,35.0,46.0,44.0,126.0,5.42
125.42,3.71,48.0,46.0,44.0,126.0,5.4
126.57,2.47,27.3,196.0,36.0,44.0,5.0
126.519,4.1,27.7,16.0,31.0,83.0,5.17
126.472,4.09,28.0,20.0,43.0,90.0,5.09
126.534,4.137,37.3,353.0,48.0,50.0,5.2
126.76,3.44,33.0,353.0,48.0,50.0,4.6
126.54,4.18,48.8,9.0,39.0,90.0,5.0
119.39,-0.92,21.0,9.0,20.0,49.0,5.0
119.61,-1.545,35.8,9.0,20.0,49.0,5.24
119.833,0.454,17.0,84.0,71.0,-141.0,5.86
120.191,-1.485,15.0,271.0,34.0,-97.0,5.31
120.45,-0.95,15.0,271.0,34.0,-97.0,5.3
126.052,0.958,41.4,330.0,39.0,43.0,5.33
121.917,1.087,27.5,105.0,23.0,95.0,5.21
122.822,1.322,34.8,281.0,72.0,96.0,5.61
126.236,1.026,27.2,265.0,36.0,-178.0,5.28
124.27,1.16,33.0,199.0,50.0,-5.0,5.1
123.963,-0.012,24.6,199.0,50.0,-5.0,5.13
124.23,0.71,24.6,199.0,50.0,-5.0,5.1
126.13,1.347,47.9,170.0,25.0,55.0,5.04
121.361,-1.314,20.0,210.0,52.0,112.0,6.16
121.3,-1.26,15.0,357.0,43.0,65.0,6.2
126.35,1.739,37.5,221.0,38.0,91.0,5.28
126.94,2.69,38.0,193.0,30.0,58.0,5.2
126.372,1.473,30.0,215.0,75.0,-95.0,5.89
123.2,-1.16,34.0,224.0,62.0,154.0,4.9
126.363,0.875,25.0,191.0,58.0,66.0,5.55
126.38,0.41,44.0,51.0,39.0,123.0,5.9
126.46,1.01,34.4,51.0,39.0,123.0,5.5
121.95,-0.87,33.0,294.0,46.0,-110.0,5.4
122.018,-0.733,20.1,327.0,40.0,-98.0,5.17
126.91,3.07,42.3,183.0,21.0,77.0,5.3
126.779,-1.017,26.1,12.0,87.0,-119.0,5.53
125.043,-7.81,15.0,272.0,37.0,104.0,5.28
125.67,-0.04,45.0,246.0,27.0,117.0,5.4
126.971,-0.981,30.0,172.0,79.0,96.0,6.08
124.15,-0.17,39.0,176.0,36.0,89.0,5.1
120.438,1.089,41.8,281.0,75.0,83.0,5.49
121.03,1.51,41.8,125.0,17.0,113.0,5.5
125.632,-7.616,30.3,99.0,46.0,108.0,5.19
123.424,-0.683,41.4,91.0,74.0,-175.0,5.07
123.97,-0.81,41.4,91.0,74.0,-175.0,5.1
124.95,-1.61,26.2,319.0,53.0,8.0,5.4
123.98,-1.64,30.0,319.0,53.0,8.0,5.4
126.3,0.8,21.0,44.0,43.0,113.0,5.8
126.249,0.893,43.1,44.0,43.0,113.0,5.16
126.83,1.36,15.0,127.0,15.0,45.0,5.2
127.043,-1.009,25.3,16.0,15.0,119.0,5.16
123.11,-0.41,33.0,171.0,51.0,52.0,5.3
124.63,-0.17,31.0,96.0,54.0,20.0,5.8
126.54,0.41,37.0,63.0,39.0,165.0,5.5
126.41,0.28,42.0,14.0,32.0,99.0,5.4
125.29,-0.44,26.0,14.0,32.0,99.0,4.8
126.72,2.57,42.4,61.0,26.0,134.0,5.3
125.99,0.57,50.0,2.0,43.0,70.0,6.2
121.27,-2.88,33.0,281.0,23.0,-84.0,5.0
126.963,2.064,30.0,298.0,84.0,85.0,5.8
126.852,2.003,37.6,111.0,87.0,-85.0,5.6
126.417,1.586,31.0,1.0,54.0,80.0,6.2
121.94,-7.86,15.0,299.0,10.0,74.0,5.2
126.09,1.21,20.0,28.0,36.0,107.0,5.5
126.67,-1.01,48.0,322.0,20.0,66.0,5.5
125.96,-3.54,35.0,61.0,69.0,2.0,4.9
122.62,1.54,34.4,147.0,39.0,143.0,4.9
123.08,0.67,9.4,147.0,39.0,143.0,4.7
126.74,-1.08,27.0,350.0,27.0,86.0,5.3
126.35,4.0,25.3,132.0,86.0,-3.0,5.2
125.5,-2.44,43.0,345.0,41.0,121.0,5.1
125.081,-2.074,15.0,126.0,56.0,66.0,5.58
126.648,2.128,35.3,211.0,54.0,88.0,5.48
124.852,-0.116,25.0,19.0,73.0,68.0,5.56
126.83,3.66,49.6,97.0,52.0,5.0,4.8
123.2,-7.63,33.0,230.0,39.0,26.0,4.9
126.8,2.0,33.0,354.0,43.0,44.0,5.2
125.94,0.56,35.4,8.0,35.0,78.0,5.1
124.9,-6.69,33.0,167.0,36.0,-163.0,5.3
125.85,-7.43,33.0,223.0,39.0,49.0,5.1
123.36,-0.64,33.0,281.0,47.0,121.0,5.5
126.14,0.59,30.4,227.0,58.0,-2.0,4.9
124.65,0.81,33.0,45.0,71.0,3.0,5.0
126.21,1.41,23.6,273.0,35.0,-109.0,4.8
122.5,-5.9,33.0,30.0,40.0,88.0,4.8
122.7,-5.06,17.9,30.0,40.0,88.0,4.8
126.63,-0.19,20.8,105.0,41.0,-53.0,4.9
126.721,3.569,27.0,141.0,18.0,37.0,5.27
120.43,4.8,25.0,318.0,41.0,83.0,5.0
120.02,-2.88,33.0,318.0,41.0,83.0,4.3
125.09,-0.34,41.0,248.0,36.0,125.0,5.1
120.231,0.946,22.0,272.0,16.0,-59.0,5.13
120.145,0.959,30.6,44.0,18.0,61.0,5.09
119.57,-0.96,26.5,351.0,63.0,-21.0,4.9
121.8,-1.26,42.0,24.0,35.0,17.0,4.7
125.12,-7.87,17.0,67.0,27.0,72.0,7.5
125.36,-7.96,16.3,86.0,33.0,74.0,5.1
124.77,-7.99,23.6,108.0,46.0,146.0,5.0
125.06,-7.97,13.0,61.0,28.0,75.0,5.2
124.928,-7.916,10.0,92.0,29.0,101.0,5.38
125.87,-2.8,20.0,92.0,45.0,-103.0,5.3
126.101,-3.389,10.0,92.0,45.0,-103.0,5.33
125.32,-7.96,17.6,74.0,43.0,0.0,5.3
125.1,-0.33,30.2,256.0,39.0,138.0,5.1
125.174,-7.892,17.5,49.0,73.0,-174.0,5.11
124.8,-6.6,33.0,49.0,73.0,-174.0,5.0
126.66,2.39,16.0,204.0,22.0,-158.0,5.2
125.7,1.8,33.0,147.0,72.0,172.0,4.5
125.841,1.281,35.0,141.0,86.0,93.0,5.47
126.718,3.678,14.9,169.0,37.0,53.0,5.22
120.043,-1.101,15.0,76.0,52.0,-151.0,5.26
120.013,-1.19,10.0,321.0,61.0,-59.0,6.24
126.596,-2.006,15.0,90.0,51.0,-48.0,5.18
123.9,-0.2,14.9,150.0,49.0,46.0,5.0
125.883,0.928,31.8,351.0,32.0,73.0,5.24
125.4,-0.6,33.0,351.0,32.0,73.0,4.9
122.3,-5.9,33.0,41.0,49.0,121.0,6.9
122.174,-5.652,11.6,179.0,49.0,59.0,6.44
122.41,-5.62,20.2,161.0,37.0,88.0,4.9
126.429,2.637,25.8,354.0,54.0,119.0,5.83
126.203,1.131,15.0,358.0,9.0,48.0,5.12
124.82,-7.993,29.6,143.0,81.0,12.0,5.78
124.716,-7.931,26.1,227.0,32.0,43.0,5.36
126.14,0.48,32.7,342.0,72.0,14.0,5.1
120.62,-1.04,28.1,90.0,44.0,-91.0,4.8
126.528,2.932,35.0,4.0,62.0,83.0,5.91
126.71,2.98,45.3,202.0,32.0,107.0,5.3
126.3,-1.0,30.0,254.0,50.0,128.0,5.4
126.145,1.046,31.3,254.0,50.0,128.0,5.29
120.0,1.5,33.0,116.0,68.0,-21.0,4.7
126.5,-2.8,18.7,27.0,38.0,93.0,5.6
126.561,2.151,30.0,204.0,52.0,88.0,5.94
126.72,2.48,38.2,54.0,44.0,134.0,4.9
126.585,2.742,45.0,167.0,74.0,58.0,5.9
126.52,2.9,25.4,326.0,58.0,-3.0,5.4
126.56,2.97,26.1,51.0,40.0,148.0,5.3
125.9,-2.8,33.0,80.0,44.0,-141.0,4.7
119.998,-1.227,10.0,320.0,64.0,-53.0,5.88
126.45,2.64,31.4,180.0,45.0,106.0,4.9
125.131,-0.164,35.0,16.0,81.0,68.0,5.83
126.68,2.73,29.4,201.0,35.0,113.0,5.0
125.1,-0.41,30.7,147.0,32.0,112.0,4.9
123.7,-5.4,30.0,225.0,31.0,-134.0,5.1
126.69,2.82,31.4,44.0,44.0,140.0,5.2
126.43,2.94,31.8,339.0,36.0,90.0,5.0
126.85,2.65,36.2,16.0,73.0,180.0,4.8
126.23,1.74,37.4,342.0,58.0,16.0,5.1
125.5,-7.98,25.2,122.0,40.0,135.0,4.7
126.184,0.799,50.0,197.0,54.0,91.0,5.67
125.568,-7.714,15.0,75.0,47.0,134.0,5.14
126.67,2.19,30.7,255.0,38.0,-125.0,5.3
123.733,-7.862,15.0,101.0,60.0,171.0,5.09
124.6,-0.8,33.0,259.0,31.0,140.0,5.2
124.732,-0.196,30.0,24.0,71.0,65.0,6.35
119.94,-0.24,12.0,89.0,75.0,-170.0,5.0
117.898,1.57,15.0,120.0,38.0,93.0,5.4
125.56,1.67,10.0,54.0,34.0,135.0,5.2
124.05,-0.64,13.9,14.0,35.0,-5.0,5.0
126.65,3.8,35.0,123.0,48.0,45.0,5.1
123.108,-5.17,15.0,318.0,75.0,51.0,5.58
126.405,3.822,40.0,283.0,68.0,-42.0,6.12
126.41,3.78,45.0,171.0,8.0,73.0,5.4
124.796,-0.224,35.0,22.0,72.0,56.0,6.29
125.92,-0.24,31.4,267.0,38.0,149.0,6.3
126.79,-4.71,15.0,221.0,80.0,-2.0,6.1
126.374,1.536,25.0,179.0,63.0,49.0,5.58
121.836,1.205,24.4,69.0,63.0,-97.0,5.52
121.832,1.25,36.6,240.0,28.0,-98.0,5.33
123.294,-0.372,30.0,163.0,59.0,35.0,6.3
123.31,-0.448,36.2,178.0,52.0,51.0,5.05
119.695,0.231,35.0,351.0,45.0,-94.0,5.22
124.96,-0.17,21.0,246.0,30.0,119.0,5.8
123.248,-0.397,35.7,168.0,55.0,37.0,5.95
123.54,-0.49,31.0,168.0,55.0,37.0,5.1
123.23,-0.41,45.0,21.0,43.0,107.0,5.0
126.219,1.697,35.6,32.0,36.0,103.0,5.07
126.865,-4.672,16.0,97.0,62.0,106.0,5.79
121.79,1.28,46.3,85.0,37.0,90.0,4.9
126.21,-2.87,10.0,140.0,39.0,79.0,5.4
126.21,-2.86,21.0,175.0,44.0,121.0,5.0
122.926,1.421,18.9,92.0,29.0,101.0,5.07
125.12,-0.35,36.0,223.0,33.0,56.0,5.8
125.178,-0.364,36.0,81.0,63.0,110.0,5.77
125.09,-0.31,35.0,255.0,26.0,86.0,5.1
125.06,-0.27,36.0,213.0,26.0,54.0,6.1
124.83,-0.18,35.0,238.0,34.0,82.0,5.7
126.527,4.18,28.5,11.0,42.0,87.0,5.41
126.74,4.25,28.0,9.0,43.0,83.0,4.9
126.84,4.29,28.5,217.0,42.0,109.0,4.9
125.22,4.95,10.0,315.0,27.0,80.0,5.7
125.28,4.905,17.8,340.0,20.0,91.0,5.32
125.38,4.97,10.0,340.0,20.0,91.0,5.3
125.65,4.78,10.0,329.0,25.0,84.0,5.3
125.37,4.93,16.0,331.0,28.0,78.0,5.1
125.312,4.971,15.0,164.0,62.0,92.0,5.94
126.44,3.92,12.0,170.0,25.0,69.0,5.3
126.79,2.34,35.0,9.0,36.0,96.0,5.5
126.78,2.32,36.0,6.0,42.0,101.0,5.6
121.637,-4.045,15.0,114.0,44.0,-110.0,5.19
119.287,-3.738,31.8,209.0,46.0,110.0,5.07
126.67,2.62,35.0,67.0,49.0,-60.0,5.2
121.87,-0.56,22.2,166.0,85.0,-2.0,4.9
126.285,1.127,22.0,193.0,57.0,78.0,7.47
126.21,1.19,22.2,34.0,35.0,108.0,7.5
126.364,1.055,20.0,203.0,49.0,81.0,6.18
126.023,1.071,30.9,158.0,57.0,33.0,5.34
126.279,0.978,14.0,153.0,40.0,-98.0,5.07
126.304,1.009,33.6,23.0,33.0,88.0,5.44
126.33,1.21,33.6,23.0,33.0,88.0,5.4
126.211,0.911,37.8,159.0,44.0,73.0,5.44
126.287,0.948,24.2,39.0,45.0,101.0,5.18
126.41,0.45,28.3,216.0,43.0,106.0,5.3
126.45,1.138,28.0,49.0,42.0,124.0,5.2
126.121,1.226,28.7,212.0,42.0,112.0,5.47
126.001,1.005,15.0,181.0,77.0,88.0,5.6
126.169,1.113,28.1,140.0,36.0,72.0,5.38
126.502,1.301,31.8,200.0,31.0,86.0,4.99
126.592,1.25,23.6,208.0,30.0,102.0,5.52
126.9,1.27,23.6,208.0,30.0,102.0,5.5
126.186,1.233,20.0,188.0,56.0,82.0,5.65
126.637,1.175,21.3,211.0,29.0,113.0,5.56
126.364,1.064,20.0,47.0,55.0,108.0,5.85
126.143,1.384,25.0,358.0,12.0,70.0,5.39
125.95,1.64,15.0,358.0,12.0,70.0,5.4
126.328,1.181,39.5,20.0,43.0,83.0,5.4
126.34,1.3,39.5,20.0,43.0,83.0,5.4
126.18,0.92,18.0,339.0,38.0,-63.0,4.9
126.14,0.82,18.6,299.0,25.0,-86.0,4.9
126.87,3.28,37.8,184.0,25.0,79.0,5.0
127.006,-1.039,25.0,19.0,75.0,-138.0,6.72
126.975,-1.043,25.0,13.0,80.0,-129.0,5.98
126.915,-0.987,23.6,261.0,68.0,-17.0,5.18
126.802,-0.014,40.0,177.0,85.0,92.0,5.89
126.914,-1.049,15.0,282.0,53.0,-16.0,4.99
126.275,1.185,33.8,348.0,35.0,53.0,5.33
127.0,4.32,44.0,170.0,46.0,52.0,5.4
126.9,4.25,28.1,20.0,41.0,101.0,5.1
126.984,4.168,18.9,22.0,49.0,121.0,5.15
126.18,-3.7,25.1,345.0,83.0,176.0,5.1
126.328,1.209,35.0,12.0,47.0,80.0,6.23
125.94,0.852,30.4,75.0,74.0,-173.0,5.49
122.723,1.305,25.0,275.0,72.0,89.0,5.62
126.79,-1.02,33.0,16.0,57.0,-152.0,5.2
126.25,0.68,40.0,213.0,46.0,116.0,5.1
126.361,1.204,31.3,213.0,46.0,116.0,5.29
124.57,-0.47,50.0,237.0,40.0,107.0,5.2
126.407,1.561,35.0,99.0,88.0,-90.0,5.59
123.54,-3.56,0.6,96.0,33.0,-74.0,5.4
123.308,-3.615,15.0,96.0,33.0,-74.0,5.08
126.04,0.92,30.0,17.0,42.0,82.0,5.1
126.448,1.165,50.0,165.0,88.0,33.0,5.66
126.421,1.147,37.6,19.0,42.0,87.0,4.96
127.029,2.444,15.0,10.0,81.0,84.0,5.64
119.43,-1.35,33.0,28.0,19.0,95.0,5.8
119.546,-1.444,16.1,28.0,19.0,95.0,5.18
125.82,-0.9,32.4,234.0,37.0,44.0,5.1
126.14,1.35,30.0,69.0,29.0,124.0,5.0
126.366,3.827,26.0,319.0,73.0,31.0,6.28
125.54,0.41,22.7,333.0,20.0,71.0,5.2
122.49,-7.55,20.9,129.0,82.0,177.0,5.1
125.91,0.79,23.8,13.0,82.0,4.0,4.4
126.18,1.49,28.9,13.0,82.0,4.0,5.1
126.7,2.07,36.1,210.0,41.0,90.0,5.4
126.463,1.589,30.9,40.0,26.0,113.0,5.2
123.46,2.54,33.0,67.0,45.0,78.0,6.3
126.7,3.12,35.6,207.0,44.0,37.0,4.9
122.721,-5.882,15.0,207.0,48.0,63.0,5.39
125.35,-0.27,42.0,244.0,33.0,119.0,5.5
118.03,-3.536,40.0,261.0,53.0,128.0,5.78
122.727,1.264,39.5,271.0,69.0,88.0,5.79
124.5,-0.3,45.7,241.0,34.0,116.0,5.1
125.125,-0.223,38.0,36.0,65.0,75.0,5.96
126.485,1.632,37.3,341.0,61.0,26.0,4.99
126.65,1.94,29.1,22.0,38.0,129.0,5.2
126.304,1.005,41.6,40.0,41.0,89.0,5.25
126.173,0.848,15.0,165.0,67.0,27.0,5.69
125.72,-7.809,15.0,184.0,89.0,28.0,6.08
125.678,-7.877,23.1,184.0,88.0,34.0,5.94
125.673,-7.875,15.0,74.0,32.0,164.0,5.4
125.84,-7.74,17.2,55.0,29.0,113.0,4.9
125.71,-7.917,17.3,102.0,33.0,148.0,5.04
125.681,-7.984,16.8,109.0,59.0,-164.0,5.09
125.734,-7.881,15.0,231.0,62.0,90.0,5.6
125.75,-7.81,16.6,107.0,45.0,117.0,4.9
121.8,-7.98,21.2,105.0,79.0,175.0,5.0
118.28,4.66,12.0,134.0,80.0,8.0,5.0
122.742,-0.52,21.8,177.0,63.0,-20.0,5.27
122.66,-0.62,40.0,177.0,63.0,-20.0,5.8
119.63,-0.338,35.0,230.0,47.0,125.0,5.04
126.731,3.876,28.7,206.0,39.0,96.0,4.99
120.64,0.2,33.0,314.0,35.0,35.0,6.5
123.05,-0.28,32.0,207.0,44.0,36.0,6.4
126.651,4.18,22.3,243.0,46.0,135.0,5.18
126.69,4.23,24.5,353.0,53.0,44.0,5.2
122.18,1.41,10.0,92.0,20.0,84.0,7.7
122.077,1.29,34.0,278.0,70.0,92.0,7.35
126.8,1.26,29.0,275.0,58.0,-35.0,5.5
122.0,-1.48,10.0,119.0,29.0,121.0,5.3
121.888,1.336,30.0,119.0,29.0,121.0,5.07
123.494,1.34,19.3,106.0,18.0,97.0,5.4
124.55,0.15,10.0,258.0,50.0,139.0,5.6
126.541,3.811,25.0,6.0,53.0,96.0,7.12
126.81,3.92,23.9,177.0,38.0,83.0,7.1
126.75,3.954,25.0,188.0,46.0,104.0,5.98
126.669,3.647,25.0,21.0,66.0,123.0,5.91
126.854,4.061,25.0,2.0,50.0,93.0,5.61
126.602,4.038,43.8,161.0,36.0,59.0,5.31
126.632,3.955,26.0,22.0,77.0,115.0,6.03
126.686,4.046,27.6,155.0,40.0,71.0,5.28
126.647,3.993,37.8,140.0,40.0,51.0,5.23
126.937,3.714,25.0,14.0,62.0,103.0,5.64
126.79,3.956,25.0,346.0,52.0,77.0,5.96
126.702,4.031,33.9,19.0,52.0,132.0,5.13
126.615,4.025,27.0,13.0,63.0,116.0,6.25
126.559,3.952,25.0,22.0,75.0,111.0,5.66
126.77,4.1,30.9,35.0,47.0,130.0,5.0
126.656,3.722,21.6,148.0,33.0,30.0,5.16
126.837,4.087,25.7,180.0,44.0,103.0,5.03
126.86,4.7,25.7,180.0,44.0,103.0,5.0
126.732,3.776,40.0,62.0,82.0,151.0,5.59
126.765,4.123,26.7,14.0,43.0,95.0,5.02
126.906,3.6,37.1,175.0,25.0,58.0,5.32
126.461,3.813,24.1,270.0,11.0,166.0,5.41
126.811,4.129,28.0,213.0,37.0,110.0,5.01
126.77,4.1,26.3,163.0,38.0,53.0,5.0
126.703,3.726,30.6,171.0,45.0,55.0,5.18
126.648,3.844,22.6,225.0,57.0,146.0,5.17
126.758,3.918,25.4,342.0,64.0,12.0,5.2
126.612,3.679,32.0,336.0,52.0,59.0,5.98
126.658,3.704,22.7,164.0,47.0,47.0,5.34
126.62,3.71,27.0,346.0,48.0,60.0,5.0
126.68,3.78,28.0,175.0,28.0,86.0,4.9
126.712,3.695,26.6,207.0,45.0,112.0,5.34
126.78,4.08,21.6,338.0,45.0,73.0,4.9
126.653,3.921,24.1,123.0,9.0,52.0,5.34
126.63,3.92,35.0,194.0,13.0,122.0,5.0
119.843,-1.105,20.0,309.0,50.0,-87.0,5.56
126.45,1.73,36.1,262.0,70.0,163.0,4.9
126.694,3.724,25.0,33.0,69.0,129.0,6.34
126.742,3.655,25.0,158.0,71.0,71.0,5.66
126.654,3.664,23.0,164.0,46.0,36.0,5.5
126.777,3.906,25.6,335.0,56.0,37.0,5.37
126.64,-2.91,15.0,325.0,79.0,180.0,5.2
122.14,2.14,29.6,250.0,29.0,37.0,5.2
126.753,4.124,35.0,12.0,51.0,98.0,6.08
126.769,4.181,26.1,183.0,37.0,109.0,5.17
126.95,4.36,11.0,263.0,7.0,180.0,5.9
126.94,4.48,26.1,263.0,7.0,180.0,5.5
126.75,3.87,34.0,25.0,44.0,113.0,5.3
126.802,4.085,29.1,25.0,44.0,113.0,5.07
127.009,4.488,45.0,7.0,88.0,87.0,5.75
125.11,-0.26,15.0,249.0,35.0,116.0,5.3
126.158,0.958,37.5,86.0,51.0,25.0,5.28
126.415,-4.073,18.4,344.0,80.0,176.0,5.13
122.295,1.351,29.2,270.0,74.0,88.0,5.68
126.1,1.12,23.0,16.0,28.0,98.0,5.9
124.4,4.65,27.3,149.0,84.0,5.0,5.2
129.98,2.44,22.5,40.0,42.0,133.0,5.4
126.765,3.957,20.0,130.0,28.0,23.0,5.27
126.99,2.94,45.3,80.0,28.0,117.0,5.5
120.866,1.165,25.0,262.0,68.0,92.0,5.75
125.96,2.67,30.0,188.0,39.0,83.0,5.6
123.228,-3.557,15.0,240.0,52.0,-107.0,5.75
123.242,-3.62,15.0,84.0,50.0,-55.0,5.39
123.262,-3.572,15.0,72.0,38.0,-89.0,5.49
125.93,-7.34,10.0,318.0,69.0,169.0,5.6
126.05,-7.38,20.3,318.0,69.0,169.0,4.9
126.31,1.36,30.0,214.0,39.0,116.0,5.2
120.75,1.28,10.0,87.0,24.0,96.0,5.6
120.975,1.18,38.1,87.0,24.0,96.0,5.16
118.877,-7.998,17.6,88.0,22.0,96.0,4.98
126.521,4.129,28.2,204.0,36.0,109.0,5.04
126.13,0.47,10.0,9.0,40.0,56.0,5.5
126.18,0.46,19.0,24.0,38.0,70.0,5.2
126.383,1.244,32.9,12.0,37.0,78.0,4.98
126.84,3.96,10.0,352.0,40.0,79.0,5.4
120.0,-0.5,19.9,73.0,65.0,-179.0,4.8
122.21,1.66,15.0,96.0,22.0,97.0,5.2
126.7,3.07,48.6,192.0,28.0,92.0,5.3
126.69,2.17,10.0,27.0,35.0,108.0,5.4
126.259,1.009,39.8,58.0,53.0,152.0,5.41
125.011,-0.128,30.0,86.0,80.0,101.0,6.12
125.14,-0.17,15.0,267.0,28.0,90.0,5.4
125.17,-0.4,44.3,267.0,28.0,90.0,5.1
125.17,-0.25,10.0,244.0,32.0,58.0,5.4
125.17,-0.29,37.4,244.0,32.0,58.0,5.0
126.71,3.9,33.9,127.0,56.0,5.0,5.4
126.61,3.82,23.6,127.0,35.0,9.0,5.3
122.41,-0.8,10.0,128.0,39.0,-62.0,5.8
120.09,-1.25,11.0,336.0,68.0,-16.0,5.1
126.72,4.19,31.2,176.0,27.0,54.0,4.9
124.69,-0.31,30.0,227.0,29.0,87.0,5.2
120.062,1.033,20.0,43.0,18.0,63.0,5.13
126.66,3.77,35.9,229.0,24.0,128.0,5.0
119.397,-1.478,15.0,348.0,66.0,0.0,5.36
123.749,-1.202,28.5,218.0,61.0,158.0,5.11
123.66,-1.27,10.0,218.0,61.0,158.0,5.5
123.68,-1.19,28.5,218.0,61.0,158.0,5.1
126.38,1.26,10.0,198.0,43.0,81.0,6.2
124.68,-0.98,10.0,161.0,34.0,83.0,5.6
124.84,-0.88,36.2,161.0,34.0,83.0,5.1
125.67,-7.29,10.0,93.0,43.0,87.0,6.1
125.29,-0.2,10.0,236.0,29.0,108.0,5.8
126.494,-7.613,20.0,108.0,72.0,169.0,5.01
126.35,2.49,10.0,79.0,35.0,133.0,5.5
126.18,0.55,10.0,196.0,44.0,72.0,5.1
126.42,1.482,31.2,190.0,44.0,72.0,5.23
125.5,1.54,30.0,190.0,44.0,72.0,5.0
126.44,1.51,31.2,190.0,44.0,72.0,5.2
126.56,-4.76,19.0,82.0,76.0,4.0,5.0
122.05,-5.93,11.0,62.0,29.0,139.0,4.9
117.58,-5.96,16.6,156.0,77.0,-168.0,5.4
124.93,-0.089,50.0,33.0,61.0,77.0,5.65
119.78,-0.85,23.0,73.0,74.0,-178.0,5.3
123.27,1.06,34.7,266.0,26.0,-103.0,4.9
126.715,3.674,15.0,144.0,17.0,24.0,5.26
126.862,2.032,25.0,226.0,69.0,129.0,5.77
121.487,-2.446,20.0,19.0,87.0,161.0,6.07
126.999,3.056,25.0,12.0,73.0,77.0,5.85
122.857,-4.451,15.0,236.0,81.0,-148.0,6.13
124.59,0.01,10.0,240.0,39.0,110.0,5.1
123.02,-0.14,35.0,59.0,40.0,126.0,6.1
125.41,1.0,10.0,80.0,67.0,20.0,5.3
126.407,1.55,18.2,52.0,28.0,-39.0,5.26
126.51,2.37,10.0,20.0,80.0,173.0,6.9
125.331,4.722,15.0,28.0,22.0,100.0,5.35
121.77,-0.97,10.0,110.0,48.0,-148.0,5.2
121.779,0.972,27.0,110.0,48.0,-148.0,5.02
121.732,-4.074,12.3,131.0,45.0,-79.0,5.49
121.721,-4.083,15.0,142.0,45.0,-75.0,5.21
126.6,3.04,46.1,191.0,41.0,73.0,5.1
125.35,-0.14,45.0,227.0,36.0,90.0,5.3
125.155,-2.111,15.0,334.0,37.0,104.0,5.13
126.35,1.42,10.0,188.0,42.0,97.0,5.2
126.875,-0.969,20.0,24.0,84.0,-124.0,6.4
121.57,1.4,20.5,354.0,42.0,-100.0,5.0
126.96,2.2,47.6,78.0,67.0,-8.0,5.0
121.929,-0.642,17.0,10.0,51.0,-28.0,5.47
120.39,0.14,41.0,300.0,42.0,26.0,5.9
126.524,-1.458,20.0,346.0,49.0,-75.0,5.82
119.48,-1.17,10.0,17.0,21.0,72.0,5.6
126.911,-0.927,25.0,259.0,42.0,-15.0,5.04
126.791,-0.895,15.0,34.0,88.0,-108.0,5.75
126.782,-0.919,15.0,270.0,19.0,-3.0,5.05
125.38,4.9,10.0,337.0,85.0,-4.0,5.4
119.93,-0.35,12.7,250.0,62.0,-161.0,4.8
126.883,-0.978,15.0,264.0,67.0,-42.0,5.62
124.34,-6.33,10.0,36.0,82.0,-4.0,4.8
126.81,2.83,47.4,57.0,32.0,-97.0,4.9
126.52,1.64,30.0,20.0,43.0,81.0,5.0
121.85,-2.59,10.0,118.0,44.0,1.0,5.7
121.94,-2.65,15.0,121.0,59.0,4.0,5.3
126.426,1.182,29.1,7.0,37.0,72.0,5.19
121.0,1.84,10.0,12.0,57.0,3.0,4.9
125.377,0.356,45.0,29.0,63.0,75.0,5.72
121.87,-2.63,16.4,129.0,54.0,8.0,5.2
121.939,-2.618,15.0,111.0,54.0,-3.0,5.3
126.49,1.63,10.0,19.0,42.0,95.0,5.2
126.18,2.22,10.0,80.0,60.0,-164.0,5.5
123.01,-0.23,10.0,198.0,40.0,79.0,5.8
126.34,1.36,35.0,346.0,76.0,11.0,4.8
122.02,-2.67,10.0,132.0,68.0,-2.0,5.1
125.56,-0.23,10.0,90.0,60.0,28.0,5.0
126.48,2.71,34.7,42.0,31.0,104.0,5.1
118.26,4.66,13.9,110.0,52.0,-16.0,4.8
122.02,-2.63,12.0,111.0,54.0,-3.0,5.3
126.68,1.72,10.0,342.0,63.0,22.0,5.0
123.77,-7.97,12.0,93.0,29.0,114.0,5.2
120.08,-1.21,10.0,339.0,83.0,-5.0,6.2
126.749,3.565,18.6,189.0,27.0,83.0,5.22
126.79,2.6,34.2,26.0,39.0,91.0,5.1
126.23,3.98,45.8,234.0,52.0,-162.0,4.9
125.96,1.35,13.0,60.0,48.0,163.0,5.1
126.6,4.6,19.2,157.0,38.0,-58.0,4.9
123.72,-0.16,10.0,268.0,27.0,113.0,5.0
125.02,4.61,22.3,330.0,76.0,174.0,4.9
125.33,-0.17,16.0,242.0,29.0,113.0,5.5
122.12,1.28,45.0,105.0,22.0,99.0,5.2
122.131,1.198,35.0,276.0,67.0,87.0,5.51
124.95,4.55,10.0,11.0,61.0,172.0,5.2
125.33,-0.17,10.0,248.0,33.0,117.0,5.2
125.194,4.727,15.0,19.0,63.0,172.0,5.26
122.21,1.45,10.0,102.0,20.0,101.0,5.7
122.2,1.82,38.8,93.0,28.0,91.0,5.6
117.55,-7.96,20.7,79.0,45.0,81.0,4.9
125.96,0.83,31.4,352.0,43.0,85.0,4.9
126.204,0.547,25.0,175.0,64.0,55.0,6.02
123.863,-0.675,35.0,224.0,73.0,-155.0,6.1
126.229,0.533,26.0,216.0,35.0,81.0,5.4
126.6,4.156,25.8,229.0,42.0,140.0,5.0
126.633,4.139,27.0,188.0,49.0,57.0,5.08
126.63,1.58,10.0,358.0,44.0,58.0,5.0
126.97,-1.04,16.2,31.0,47.0,-159.0,4.9
125.8,-5.19,19.0,132.0,81.0,-177.0,5.4
125.77,-0.21,39.7,276.0,51.0,161.0,5.0
126.337,1.506,30.4,164.0,53.0,39.0,5.34
126.813,3.6,25.4,346.0,40.0,94.0,5.06
119.839,0.109,33.6,330.0,37.0,37.0,5.35
117.74,3.0,23.3,221.0,78.0,178.0,4.8
124.993,-0.158,34.8,33.0,64.0,68.0,5.54
119.8,-0.64,28.2,330.0,38.0,-19.0,4.9
126.217,1.327,33.7,24.0,43.0,105.0,5.01
120.95,-1.15,20.2,146.0,74.0,8.0,4.9
121.39,-1.03,18.3,346.0,51.0,53.0,4.8
121.617,-0.912,16.5,43.0,75.0,169.0,5.27
122.72,-0.59,12.5,166.0,53.0,-8.0,4.8
123.33,-3.28,15.2,175.0,33.0,-91.0,4.9
122.285,1.446,21.0,278.0,68.0,87.0,5.6
122.363,1.407,21.2,105.0,19.0,98.0,5.37
124.1,-4.45,15.6,15.0,44.0,179.0,4.9
122.62,-5.61,17.1,8.0,43.0,79.0,4.8
126.42,2.01,35.3,1.0,32.0,69.0,5.1
126.701,3.85,25.0,206.0,7.0,115.0,5.27
121.363,-0.907,15.3,249.0,30.0,-134.0,5.05
127.046,3.545,16.7,176.0,30.0,78.0,5.12
126.28,1.362,30.0,225.0,41.0,112.0,5.04
126.219,1.333,28.6,16.0,49.0,67.0,5.75
126.427,1.376,28.8,193.0,43.0,90.0,5.0
126.26,-1.25,18.3,352.0,29.0,-82.0,5.1
122.97,1.93,16.7,110.0,32.0,-92.0,5.3
120.248,-1.097,24.8,114.0,28.0,-79.0,5.4
126.11,0.65,33.7,5.0,39.0,75.0,5.4
126.14,0.35,24.4,20.0,37.0,24.0,5.1
126.43,0.21,27.8,242.0,36.0,128.0,5.0
126.26,1.7,25.8,21.0,33.0,73.0,4.9
126.42,1.58,25.9,350.0,56.0,20.0,4.8
122.858,-4.314,15.0,144.0,59.0,-3.0,4.96
125.18,-0.3,32.0,264.0,37.0,141.0,5.2
120.02,-0.17,39.7,147.0,32.0,54.0,4.9
125.053,-0.202,29.2,32.0,65.0,72.0,6.27
125.097,-0.21,30.0,28.0,66.0,66.0,5.89
125.08,-0.31,33.8,252.0,45.0,121.0,5.1
125.16,-0.42,31.3,250.0,33.0,122.0,5.3
120.04,0.23,46.1,159.0,48.0,-176.0,5.3
126.426,1.497,31.0,58.0,55.0,142.0,4.98
126.44,1.446,36.5,21.0,41.0,86.0,5.09
126.406,1.852,38.1,197.0,58.0,77.0,7.05
126.533,1.799,33.9,236.0,57.0,104.0,5.46
126.423,1.749,34.2,150.0,59.0,61.0,5.48
126.391,1.868,30.8,72.0,61.0,102.0,5.77
126.62,2.1,30.8,188.0,43.0,84.0,5.1
126.29,1.71,33.0,300.0,43.0,160.0,5.0
127.024,2.3,30.1,321.0,54.0,67.0,6.54
126.458,1.966,35.2,205.0,57.0,82.0,6.77
126.6,2.2,32.3,30.0,37.0,105.0,5.0
121.55,2.4,43.5,69.0,66.0,16.0,5.0
126.55,2.02,32.3,267.0,35.0,154.0,5.0
126.991,2.431,27.4,180.0,54.0,95.0,5.77
126.19,1.87,33.9,216.0,49.0,46.0,4.8
122.383,-2.928,19.8,38.0,81.0,158.0,5.63
122.56,-2.8,27.4,125.0,62.0,11.0,5.0
126.47,2.14,35.1,32.0,34.0,93.0,5.3
126.2,2.04,31.0,45.0,39.0,82.0,5.3
126.269,1.535,35.0,181.0,58.0,57.0,5.73
126.522,2.116,33.4,204.0,56.0,91.0,6.39
126.549,2.116,34.5,195.0,57.0,96.0,5.49
126.42,2.48,31.6,40.0,26.0,107.0,5.4
120.95,-2.09,19.9,39.0,70.0,173.0,4.7
120.026,0.158,35.0,174.0,19.0,-143.0,5.1
119.761,4.627,18.2,198.0,37.0,128.0,5.63
126.349,1.14,30.0,128.0,39.0,-174.0,5.27
126.385,1.659,32.4,19.0,43.0,61.0,5.06
125.1,-0.31,37.5,237.0,35.0,116.0,5.3
119.435,-2.494,17.6,52.0,43.0,-159.0,5.53
126.42,1.72,34.6,34.0,42.0,91.0,4.8
126.082,0.532,33.1,16.0,42.0,74.0,5.52
126.335,1.722,46.1,9.0,56.0,38.0,5.27
122.378,-0.59,25.1,263.0,29.0,-161.0,6.06
126.5,2.0,44.7,214.0,34.0,85.0,5.2
126.61,2.2,35.8,13.0,35.0,78.0,5.3
126.487,1.679,42.0,201.0,41.0,94.0,5.69
126.36,0.23,33.6,2.0,68.0,19.0,4.9
126.646,2.091,50.0,29.0,36.0,94.0,5.61
124.28,-0.14,49.1,248.0,43.0,136.0,5.3
126.41,1.9,33.3,48.0,44.0,92.0,4.9
124.46,-0.28,41.5,228.0,35.0,109.0,4.9
126.37,0.55,28.7,14.0,34.0,94.0,4.9
126.37,1.91,31.3,73.0,80.0,178.0,4.9
121.02,-1.12,18.1,52.0,70.0,165.0,4.8
122.25,-0.66,17.6,167.0,45.0,-7.0,5.0
126.508,1.859,49.8,37.0,40.0,102.0,6.32
122.89,1.52,27.8,101.0,21.0,96.0,4.9
126.59,1.79,45.9,181.0,49.0,54.0,5.1
126.491,1.51,34.8,184.0,47.0,55.0,5.02
126.301,1.436,46.0,219.0,45.0,119.0,5.7
126.867,3.861,13.6,194.0,30.0,92.0,5.05
117.683,3.662,16.0,94.0,79.0,4.0,6.05
126.831,3.822,25.2,15.0,64.0,102.0,6.49
126.103,0.871,40.8,35.0,49.0,121.0,4.99
126.423,1.53,21.4,34.0,27.0,-71.0,5.08
125.741,-7.947,18.2,122.0,51.0,-172.0,5.21
126.291,1.131,19.9,204.0,40.0,78.0,5.11
125.01,4.67,15.1,10.0,71.0,-4.0,5.2
125.153,4.732,13.4,102.0,89.0,-163.0,5.56
126.85,-0.89,21.5,299.0,65.0,13.0,4.8
126.394,4.182,31.7,176.0,26.0,86.0,5.92
126.691,4.208,24.8,193.0,30.0,84.0,4.97
126.57,4.23,30.4,81.0,49.0,155.0,4.9
126.28,0.366,28.1,226.0,51.0,100.0,5.5
125.4,-2.95,19.1,323.0,39.0,90.0,4.9
126.54,0.57,33.1,47.0,49.0,123.0,4.8
126.318,1.312,41.5,217.0,50.0,109.0,6.36
126.15,0.994,34.2,222.0,39.0,178.0,5.2
121.77,1.19,44.4,98.0,36.0,91.0,4.9
126.766,-7.932,25.6,91.0,47.0,114.0,4.99
126.76,-7.99,13.3,81.0,46.0,122.0,5.3
126.57,1.6,38.0,34.0,40.0,98.0,4.9
126.28,-2.4,22.9,301.0,45.0,53.0,4.9
120.418,-0.952,18.1,159.0,38.0,-22.0,5.27
126.69,-2.65,17.1,152.0,46.0,115.0,4.9
125.38,0.04,32.2,27.0,41.0,129.0,5.0
124.55,-0.35,42.1,234.0,35.0,117.0,4.9
126.392,1.703,47.5,98.0,20.0,31.0,5.05
124.969,-0.081,46.8,33.0,63.0,71.0,5.66
126.369,1.214,26.8,147.0,76.0,58.0,5.47
126.84,4.12,26.2,326.0,51.0,55.0,4.9
120.08,-1.14,21.0,63.0,67.0,-159.0,4.8
125.24,-0.3,39.0,250.0,33.0,123.0,5.4
126.921,-1.126,30.8,300.0,25.0,65.0,5.06
122.15,-2.76,16.0,119.0,41.0,-8.0,5.7
120.427,-1.297,16.8,277.0,57.0,-98.0,6.58
120.69,-1.01,17.9,130.0,65.0,2.0,4.9
120.48,-1.25,18.1,139.0,59.0,-29.0,4.9
121.81,-2.62,15.7,129.0,45.0,-3.0,5.3
126.137,-3.623,20.1,260.0,90.0,-3.0,5.78
121.899,-7.634,20.9,111.0,72.0,-167.0,4.96
125.2,-0.33,35.1,247.0,32.0,116.0,5.4
120.23,-1.29,14.8,268.0,30.0,-143.0,4.9
119.94,-1.328,20.0,64.0,74.0,-179.0,5.02
120.013,-1.314,19.1,67.0,84.0,178.0,5.07
126.78,2.47,41.8,46.0,32.0,109.0,5.3
126.573,3.983,44.7,173.0,24.0,79.0,5.18
126.803,4.024,38.9,128.0,73.0,-21.0,5.75
126.75,4.29,29.3,13.0,48.0,62.0,4.9
126.876,-1.149,27.2,298.0,10.0,25.0,5.64
118.823,-7.871,23.9,77.0,70.0,1.0,5.1
120.48,-1.34,26.8,275.0,38.0,-97.0,4.8
126.735,-2.735,9.9,315.0,26.0,72.0,6.0
126.85,-2.65,14.4,304.0,44.0,55.0,4.9
123.21,-0.5,49.3,144.0,67.0,22.0,5.2
126.1,0.4,30.6,14.0,50.0,47.0,5.0
126.19,1.75,30.2,31.0,33.0,98.0,4.8
126.812,1.391,40.0,153.0,79.0,-2.0,6.02
126.72,2.34,42.1,32.0,35.0,92.0,5.0
126.59,1.91,36.3,39.0,44.0,102.0,5.3
120.005,1.026,25.7,64.0,17.0,84.0,5.19
120.034,1.033,24.5,63.0,36.0,79.0,5.1
126.82,4.59,37.6,254.0,63.0,161.0,5.1
125.99,0.69,34.2,40.0,78.0,180.0,5.4
125.004,4.659,26.1,50.0,75.0,175.0,5.23
126.66,3.69,19.3,175.0,23.0,88.0,5.2
125.79,-7.447,17.7,53.0,45.0,59.0,4.97
119.67,-0.78,30.2,7.0,34.0,56.0,4.9
126.34,0.48,22.2,15.0,42.0,80.0,5.2
119.852,-0.345,25.4,359.0,66.0,-14.0,6.06
120.02,-0.4,12.0,181.0,77.0,-1.0,5.2
119.895,-0.273,23.0,348.0,57.0,-15.0,7.57
120.22,-1.44,12.0,127.0,59.0,4.0,5.0
120.19,-1.51,22.3,52.0,76.0,-176.0,4.9
120.15,-1.51,14.7,101.0,38.0,-69.0,5.0
120.19,-1.43,12.0,116.0,37.0,-56.0,5.1
120.24,-1.25,26.1,111.0,35.0,-86.0,5.1
119.65,0.0,15.0,311.0,27.0,12.0,5.3
126.92,3.37,38.2,183.0,32.0,70.0,5.1
119.89,-0.52,12.0,258.0,76.0,167.0,5.8
119.867,-0.695,24.2,349.0,38.0,-3.0,5.34
119.95,-1.44,15.0,115.0,13.0,6.0,5.4
126.01,0.2,29.6,346.0,41.0,42.0,4.9
120.04,-0.87,27.0,145.0,33.0,-48.0,4.9
121.52,1.43,22.6,186.0,44.0,-76.0,4.8
126.646,-5.087,19.0,325.0,78.0,170.0,5.66
120.23,-1.65,22.1,47.0,72.0,-165.0,5.1
126.55,4.26,28.3,171.0,41.0,87.0,4.9
126.558,4.144,28.6,198.0,33.0,116.0,5.35
120.46,-1.24,14.4,120.0,37.0,-80.0,4.8
120.41,-1.25,13.1,124.0,44.0,-60.0,5.0
119.54,-2.82,12.0,6.0,64.0,173.0,4.7
119.48,-2.83,12.0,121.0,51.0,2.0,5.2
125.34,3.469,31.0,357.0,23.0,81.0,5.07
119.42,-2.86,12.0,76.0,27.0,-68.0,5.3
119.52,-2.81,12.0,8.0,68.0,175.0,5.0
119.436,-2.878,15.9,77.0,28.0,-60.0,5.53
119.58,-2.79,12.7,87.0,49.0,-8.0,4.9
119.33,-2.99,15.0,55.0,22.0,-29.0,5.0
126.84,2.93,28.1,45.0,37.0,117.0,5.3
125.974,0.461,30.0,44.0,18.0,134.0,5.47
126.825,2.383,35.0,5.0,30.0,83.0,5.55
126.442,1.113,38.6,26.0,26.0,92.0,5.39
126.263,1.634,30.0,10.0,49.0,57.0,5.12
126.63,2.48,34.9,18.0,34.0,79.0,6.6
126.9,2.54,35.6,219.0,43.0,103.0,5.2
126.74,2.46,42.9,73.0,53.0,141.0,4.9
126.85,4.49,20.1,191.0,41.0,-30.0,5.1
126.39,1.53,40.5,11.0,45.0,75.0,5.7
126.2,0.34,27.0,16.0,46.0,68.0,5.1
126.16,0.81,31.7,349.0,50.0,34.0,5.6
120.29,-1.48,19.7,109.0,41.0,-54.0,4.9
121.47,-2.43,16.7,111.0,53.0,-14.0,4.7
126.67,2.26,34.6,202.0,43.0,105.0,5.0
119.67,0.12,22.5,60.0,60.0,164.0,4.9
126.54,1.25,25.5,337.0,62.0,-8.0,5.1
126.7,-0.98,28.8,326.0,17.0,70.0,5.4
120.53,-1.77,12.3,136.0,41.0,63.0,5.5
126.36,1.77,41.9,19.0,40.0,96.0,6.1
122.56,-1.85,12.0,43.0,83.0,-175.0,6.8
122.65,-1.63,19.3,342.0,45.0,70.0,4.9
125.92,-0.78,19.8,251.0,16.0,72.0,5.3
122.52,-1.81,17.9,27.0,68.0,-162.0,5.4
126.72,4.14,29.7,182.0,28.0,92.0,5.2
122.16,1.16,46.4,93.0,39.0,92.0,5.1
119.44,-2.84,15.1,351.0,58.0,-167.0,4.8
121.65,-2.6,12.0,129.0,72.0,5.0,4.7
126.1,0.55,30.5,342.0,51.0,35.0,6.9
126.24,0.68,26.5,358.0,39.0,94.0,5.0
126.36,0.81,28.4,171.0,43.0,103.0,5.0
126.23,0.52,26.9,344.0,79.0,11.0,5.7
126.38,0.35,19.6,186.0,31.0,74.0,5.9
126.21,0.82,30.8,347.0,41.0,73.0,5.0
126.49,0.38,27.7,219.0,38.0,137.0,5.0
126.37,0.15,21.1,209.0,29.0,53.0,5.3
126.32,0.16,21.9,195.0,44.0,54.0,5.3
126.17,2.32,48.3,8.0,38.0,129.0,5.2
126.64,2.41,45.1,24.0,31.0,95.0,5.0
126.01,-0.21,27.8,83.0,47.0,124.0,5.1
126.21,0.37,26.4,60.0,34.0,95.0,4.8
126.79,4.08,29.3,183.0,33.0,104.0,5.7
124.65,-0.11,25.0,195.0,13.0,14.0,5.3
125.12,4.85,32.3,192.0,39.0,78.0,5.0
126.36,1.46,31.5,213.0,43.0,102.0,5.4
123.46,1.58,29.0,85.0,34.0,61.0,5.0
126.32,1.66,29.6,15.0,39.0,67.0,7.1
126.15,1.64,36.0,33.0,42.0,114.0,6.0
126.42,1.71,29.9,206.0,43.0,86.0,5.6
126.26,1.8,33.0,206.0,44.0,100.0,5.7
126.37,1.71,26.1,211.0,35.0,108.0,5.6
126.1,1.72,26.2,5.0,27.0,62.0,6.1
126.21,1.72,33.4,37.0,37.0,93.0,5.7
126.44,1.78,30.3,197.0,43.0,91.0,5.4
126.26,1.78,29.2,2.0,51.0,55.0,5.5
126.23,1.73,30.1,18.0,45.0,73.0,5.5
126.29,1.74,27.5,219.0,44.0,113.0,5.6
126.25,1.69,28.8,353.0,53.0,36.0,6.0
126.41,1.81,32.7,350.0,42.0,79.0,5.2
126.08,1.72,32.4,346.0,46.0,63.0,5.1
126.26,1.65,34.2,68.0,65.0,163.0,5.0
126.24,1.84,30.2,24.0,34.0,100.0,5.1
126.45,1.66,29.8,157.0,89.0,0.0,5.0
126.16,1.8,27.3,8.0,34.0,78.0,5.9
126.34,1.56,28.6,53.0,39.0,115.0,4.9
126.22,1.89,30.7,354.0,31.0,66.0,5.0
125.17,-0.37,35.6,220.0,32.0,92.0,4.8
126.73,4.03,26.6,225.0,35.0,-168.0,5.3
125.3,4.72,21.2,352.0,21.0,91.0,5.4
125.04,-5.69,12.0,128.0,70.0,169.0,5.5
126.36,0.79,27.5,59.0,49.0,153.0,5.9
126.37,1.67,27.5,148.0,48.0,28.0,5.5
125.22,-0.38,32.5,241.0,32.0,107.0,5.4
125.37,-0.42,36.5,255.0,33.0,123.0,5.0
126.45,-1.26,24.9,323.0,58.0,-152.0,4.8
121.98,1.6,28.0,91.0,20.0,91.0,5.2
120.18,-1.68,18.9,36.0,86.0,177.0,5.8
125.8,-7.87,15.6,11.0,71.0,-16.0,5.5
126.33,1.53,41.3,23.0,36.0,82.0,6.0
125.29,3.87,24.4,18.0,22.0,106.0,4.9
126.87,0.33,26.3,156.0,69.0,-10.0,5.0
126.68,1.2,46.7,248.0,80.0,179.0,5.8
126.15,3.98,28.4,182.0,75.0,168.0,5.2
126.66,4.05,41.0,194.0,30.0,83.0,5.6
126.27,1.35,30.8,176.0,39.0,75.0,5.1
126.34,-4.15,23.0,332.0,77.0,-177.0,5.7
122.16,-2.68,12.0,115.0,32.0,-7.0,4.9
126.33,1.43,21.7,159.0,44.0,-97.0,4.8
126.21,-3.81,19.0,252.0,79.0,-5.0,5.4
126.62,2.43,39.1,14.0,37.0,95.0,5.0
126.36,1.37,40.3,192.0,46.0,110.0,5.1
126.43,1.97,37.2,51.0,26.0,86.0,6.0
126.56,4.15,24.4,349.0,41.0,23.0,5.5
126.66,4.22,21.4,229.0,50.0,135.0,5.8
126.87,4.25,24.2,188.0,41.0,76.0,4.9
119.27,-1.92,31.1,7.0,36.0,84.0,4.9
126.91,4.22,25.8,182.0,38.0,68.0,4.9
126.76,2.63,34.3,56.0,34.0,129.0,5.3
125.48,0.5,32.0,337.0,27.0,66.0,5.0
122.57,-5.87,12.0,354.0,32.0,54.0,5.3
119.07,-2.22,21.4,167.0,46.0,46.0,5.5
124.45,-0.36,39.8,240.0,35.0,116.0,5.4
123.38,-3.4,15.5,150.0,14.0,74.0,5.4
126.18,1.75,24.5,158.0,34.0,51.0,5.1
126.75,1.73,26.5,358.0,51.0,47.0,5.0
124.39,-0.35,37.4,247.0,33.0,107.0,5.2
124.55,-0.26,40.6,230.0,29.0,87.0,5.2
122.25,-2.66,13.2,95.0,32.0,-13.0,5.0
119.97,1.31,25.0,60.0,15.0,82.0,5.3
118.85,-2.84,20.7,353.0,28.0,60.0,5.7
118.85,-2.82,18.2,330.0,17.0,59.0,6.3
126.65,4.14,38.2,167.0,33.0,53.0,5.3
122.51,-2.59,29.2,69.0,43.0,-109.0,4.9
124.42,-0.26,41.2,236.0,34.0,113.0,4.8
119.94,1.23,28.6,47.0,19.0,77.0,5.1
121.92,1.56,28.1,96.0,20.0,95.0,5.9
126.49,4.97,44.4,141.0,46.0,-172.0,4.8
126.96,1.09,25.5,142.0,82.0,6.0,5.4
126.12,0.69,30.7,354.0,50.0,51.0,5.3
125.35,-0.35,41.4,239.0,33.0,108.0,4.9
126.75,3.81,26.3,127.0,44.0,2.0,5.6
126.31,0.82,30.5,13.0,46.0,70.0,4.9
120.19,-1.52,17.2,87.0,42.0,-82.0,4.7
119.95,1.22,25.0,66.0,10.0,83.0,5.2
126.29,0.28,20.4,266.0,51.0,132.0,6.2
126.15,0.32,24.1,40.0,35.0,101.0,5.5
126.39,0.43,31.2,224.0,44.0,113.0,4.9
126.35,0.28,27.4,229.0,40.0,99.0,4.9
126.25,0.16,18.4,85.0,50.0,138.0,5.4
126.66,3.1,46.8,188.0,26.0,94.0,5.2
126.25,0.41,25.1,11.0,53.0,2.0,4.8
126.71,3.01,41.7,190.0,25.0,94.0,6.2
126.81,2.94,43.8,193.0,30.0,94.0,5.8
126.75,2.89,36.8,198.0,21.0,116.0,5.2
119.43,-2.86,12.0,81.0,34.0,-60.0,5.2
126.73,2.87,47.6,209.0,31.0,99.0,5.5
121.95,-0.64,12.0,138.0,41.0,-61.0,5.7
121.97,-0.68,12.0,139.0,42.0,-59.0,6.2
121.52,-0.73,12.0,138.0,75.0,6.0,5.8
122.05,1.3,40.2,2.0,53.0,35.0,5.2
126.62,1.88,38.0,195.0,41.0,67.0,5.5
126.52,2.19,35.8,19.0,39.0,81.0,5.4
126.37,0.49,23.1,213.0,46.0,106.0,5.1
126.16,0.92,31.0,201.0,39.0,109.0,5.8
126.06,0.93,32.1,19.0,39.0,89.0,5.3
126.13,1.32,41.1,23.0,37.0,91.0,5.6
126.08,0.91,31.5,332.0,47.0,47.0,4.9
125.61,-7.5,17.8,47.0,33.0,60.0,5.5
120.65,-1.29,16.1,234.0,60.0,-157.0,5.1
123.62,-0.72,36.2,158.0,40.0,37.0,5.0
121.97,-7.46,13.5,19.0,71.0,1.0,7.3
126.78,2.52,29.5,36.0,41.0,124.0,5.0
126.8,2.53,31.2,22.0,39.0,97.0,5.1
126.68,2.28,33.5,22.0,41.0,74.0,5.3
125.16,-0.27,36.3,247.0,32.0,119.0,5.6
118.72,-7.74,12.0,40.0,44.0,-129.0,4.9
124.08,-4.47,14.7,293.0,85.0,0.0,4.8
126.71,3.75,27.8,207.0,48.0,121.0,6.1
126.07,0.85,30.6,332.0,39.0,42.0,5.7
126.1,0.43,16.0,182.0,10.0,-81.0,5.3
122.9,-3.75,18.6,176.0,63.0,21.0,4.7
126.94,3.66,43.4,293.0,33.0,-133.0,4.9
122.75,-3.75,15.1,75.0,70.0,168.0,5.2
126.9,2.13,24.3,345.0,49.0,32.0,6.0
126.73,3.71,30.8,204.0,36.0,96.0,5.3
122.34,-2.72,12.0,100.0,76.0,-2.0,4.8
124.55,-0.35,37.8,233.0,29.0,104.0,5.0
126.67,3.85,20.0,129.0,43.0,12.0,5.0
126.33,1.74,33.4,228.0,45.0,114.0,5.5
126.66,3.7,35.5,67.0,41.0,-36.0,4.7
120.6,-2.06,16.4,126.0,74.0,-5.0,4.7
118.5,-2.7,34.9,327.0,53.0,6.0,5.9
125.9,1.1,32.8,3.0,33.0,99.0,5.3
126.93,0.92,25.3,143.0,86.0,-1.0,5.0
122.45,-7.55,16.5,120.0,67.0,165.0,5.4
122.44,-7.57,14.8,87.0,37.0,98.0,5.5
126.34,0.34,23.1,214.0,39.0,88.0,5.4
122.69,-2.35,12.0,37.0,71.0,-178.0,5.0
126.33,1.9,30.4,251.0,44.0,107.0,5.8
125.26,-0.35,35.9,257.0,49.0,148.0,4.9
126.45,2.21,34.9,17.0,35.0,92.0,5.3
