date,time,lat,lon,depth,mw,str1,dip1,rake1,str2,dip2,rake2,mo,fac,mpp,mpr,mrr,mrt,mtp,mtt
1965/01/24,00:11:17.260,-2.608,125.952,20,8.2,315,25,90,135,65,90,2.4,21,       ,       ,       ,       ,       ,
1967/04/21,08:14:24.310,-5.401,126.688,10,6.2,235,69,21,137,70,158,2.65,18,       ,       ,       ,       ,       ,
1976/07/26,02:56:38.680,4.924,118.243,13.2,6.28,327,83,-20,59,70,-172,3.24,18,"-2.47","-1","-0.5","0.36","-1.36",2.97
1977/01/01,19:01:40.700,-2.88,126.15,43.4,6.3,91,83,3,1,87,173,3.82e+25,25,,,,,,
1977/02/13,13:06:52.970,-0.073,125.12,35,5.91,34,72,104,175,22,53,9.08,17,"-5.38","5.55","5.15","4.62","-1.55",0.24
1977/04/22,05:26:35.770,-7.715,118.965,20,5.5,171,76,-162,76,72,-15,2.19,17,"1.14","0.42","-0.62","-0.41","1.9",-0.52
1977/05/28,05:51:48.380,-1.909,120.486,35,6.12,33,86,167,123,77,4,1.85,18,"-1.76","0.3","0.23","0.27","0.73",1.53
1977/08/27,07:12:33.700,-7.92,125.72,32.3,7,249,46,113,38,49,68,4.39e+26,26,,,,,,
1977/09/19,05:13:09.100,-2.31,126.11,15,6.2,104,43,-75,264,48,-104,2.88e+25,25,,,,,,
1977/09/19,05:13:10.190,-1.955,126.656,25,6.25,264,48,-104,104,43,-75,2.88,18,"-0.51","0.36","-2.58","0.28","-0.23",3.09
1977/10/17,10:41:06.520,-1.064,126.869,25,5.66,283,80,-13,15,77,-170,3.81,17,"-1.14","-0.38","-1.24","0.51","3.28",2.38
1977/11/27,09:33:45.910,-0.808,120.653,35,5.84,310,65,-140,201,55,-31,7.15,17,"5.95","0.21","-3.23","4.47","-2.3",-2.72
1977/12/13,14:27:12.600,-0.31,124.08,46.1,5.4,97,83,-175,7,85,-7,1.8e+24,24,,,,,,
1977/12/21,21:15:02.660,-1.005,126.735,27.7,5.38,270,24,-10,10,86,-114,1.49,17,"0.08","-1.31","-0.15","-0.29","0.65",0.06
1978/01/20,21:31:15.740,-4.267,123.377,30,5.44,123,24,19,15,82,112,1.83,17,"-0.86","1.57","0.39","0.41","0.44",0.47
1978/04/25,04:24:54.860,4.664,124.597,35,6.22,135,88,-14,226,76,-178,2.64,18,"-2.68","0.62","0.27","-0.31","-0.01",2.42
1978/05/25,22:20:52.220,-0.065,125.289,41.8,5.5,24,73,85,219,17,105,2.22,17,"-0.84","1.71","1.33","0.68","-0.45",-0.48
1978/09/26,06:07:46.700,1.125,120.308,36.9,5.63,85,83,-41,181,49,-171,3.45,17,"0.4","0.11","-0.53","-2.22","2.6",0.13
1978/10/29,19:01:10.600,-0.08,124.88,45.1,5.4,202,23,90,22,67,90,1.62e+24,24,,,,,,
1979/03/08,14:49:55.090,0.993,120.383,30.5,6.36,263,82,90,81,8,88,4.25,18,"-0.03","-0.51","1.16","-4.06","-0.16",-1.13
1979/05/12,09:09:31.300,-2.12,121.26,36.4,5.2,2,46,56,226,53,120,8.28e+23,23,,,,,,
1979/09/29,12:41:49.100,-2.95,119.8,15,5.9,18,36,-150,263,73,-58,8.68e+24,24,,,,,,
1980/05/15,18:58:28.450,-6.201,125.744,40.3,6.41,305,88,163,35,73,2,5.02,18,"4.21","0.77","0.63","-1.24","-1.6",-4.84
1980/11/05,18:15:02.630,-2.704,122.014,20,6.07,221,82,-110,110,22,-22,1.56,18,"-0.31","1.09","-0.36","0.9","0.35",0.68
1980/11/05,18:15:07.300,-3.55,121.98,15,6.1,110,22,-22,221,82,-110,1.56e+25,25,,,,,,
1981/07/08,10:15:34.540,-1.947,124.676,18.2,5.33,103,59,-14,201,78,-148,12.63,16,"-3.48","5.11","-4.41","1.63","9.53",7.9
1981/07/08,10:15:41.500,-2.46,125.21,36,5.3,103,59,-14,201,78,-148,1.26e+24,23,,,,,,
1981/12/25,00:28:14.380,4.748,118.38,15,5.55,122,72,20,25,71,161,2.64,17,"-2.04","0.35","0.23","1.28","1.26",1.82
1981/12/25,00:28:19.800,4.41,118.91,15,5.5,25,71,161,122,72,60,2.64e+24,24,,,,,,
1982/04/27,08:06:25.300,-4.22,118.85,15.7,5.6,38,24,100,207,66,86,3.67e+24,24,,,,,,
1982/05/07,05:36:15.690,-0.561,123.327,35,5.74,357,61,67,220,36,126,4.99,17,"-4.37","2.36","3.59","-0.66","-1.73",0.78
1982/05/07,05:36:23.800,-0.01,123.39,36,5.7,220,36,126,357,61,67,4.99e+24,24,,,,,,
1982/08/02,10:49:10.400,-7.99,124.23,34.8,5.2,134,38,-140,11,67,-58,8.18e+23,23,,,,,,
1982/08/27,23:30:06.700,-2.22,121.31,26.3,5.6,20,59,-146,271,61,-36,3.49e+24,24,,,,,,
1982/10/23,00:08:06.180,-1.874,126.631,20.2,5.46,174,49,-64,317,47,-118,1.92,17,"1.6","0.28","-1.62","0.43","-0.92",0.01
1982/12/25,12:28:03.400,-7.85,123.36,39.8,5.9,6,78,7,275,83,168,9.73e+24,24,,,,,,
1983/03/30,00:49:11.800,1.62,122.502,33.2,5.56,354,83,-20,86,70,-173,2.71,17,"-0.38","-0.96","-0.12","-0.27","-2.48",0.5
1983/03/30,00:49:18,1.71,123.19,47.6,5.6,86,70,-173,354,83,-20,2.71e+24,24,,,,,,
1983/06/09,20:26:50.460,-5.968,122.614,30,5.55,258,61,111,40,35,57,2.57,17,"-0.4","0.14","2.01","-1.37","-1.14",-1.6
1983/06/09,20:26:54.900,-6.08,123.26,18,5.5,40,35,57,258,61,111,2.57e+24,24,,,,,,
1983/07/26,20:14:52.500,0.58,119.91,45,5.3,344,18,6,248,88,108,1.13e+24,24,,,,,,
1983/10/16,05:32:29.540,1.159,120.977,30,6.4,278,79,99,57,14,51,4.94,18,"0.9","0.57","1.49","-4.47","-0.4",-2.39
1983/10/25,00:36:24.780,1.196,120.8,28.3,6.45,290,79,104,58,18,39,5.9,18,"0.62","2.11","2.18","-4.87","-0.39",-2.8
1983/10/27,19:43:50.370,1.181,120.798,27.7,6.45,290,74,125,41,38,27,5.8,18,"3.02","0.53","2.43","-3.73","-1.29",-5.45
1984/01/08,15:24:15.080,-2.803,118.779,28.1,6.66,194,74,90,13,16,89,12.05,18,"-6.36","-9.84","6.28","-2.45","-1.62",0.08
1984/04/10,14:10:39.500,4.95,125.27,29.8,5.6,19,26,133,154,71,72,2.98e+24,24,,,,,,
1984/05/15,15:23:03.400,0.84,119.61,49,5.4,319,21,-56,104,73,-102,1.4e+24,24,,,,,,
1984/06/06,05:38:26.410,-4.784,125.978,39.5,6.15,246,79,-13,338,78,-168,2.04,18,"1.52","-0.17","-0.24","0.51","1.36",-1.28
1984/07/09,17:22:19.960,-3.433,123.193,20,5.35,179,22,97,351,69,87,13.51,16,"-8.73","9.71","9.68","-1.81","0.55",-0.94
1985/02/24,02:26:52.900,-2.43,119.42,40.5,5.9,44,61,165,142,77,30,9.8e+24,25,,,,,,
1985/03/01,12:52:07.200,-2.17,120.24,10.6,5.5,307,41,-19,51,78,-130,2.43e+24,24,,,,,,
1985/03/01,12:52:07.450,-2.034,119.625,20,5.53,51,78,-130,307,41,-19,2.43,17,"-0.98","-1.93","-0.68","-0.78","-0.31",1.67
1985/03/01,17:11:19.920,-2.036,119.61,20,6.39,312,72,-28,52,63,-159,4.74,18,"-3.26","-1.38","-1.99","0.61","-0.37",5.26
1985/03/01,22:22:11.780,-2.14,119.625,20,5.89,153,88,53,61,37,176,8.32,17,"-5.68","-6.98","0.68","0.64","-1.42",5
1985/03/02,15:47:35.640,-1.989,119.729,45,6.65,14,87,-174,283,84,-3,1.15,19,"-0.6","-0.15","0.19","0.06","1.01",0.42
1985/03/02,15:47:40.200,-1.32,119.38,43.9,6.6,283,84,-3,14,87,-174,1.15e+26,26,,,,,,
1985/03/05,13:40:11.820,1.252,122.929,33.6,6.13,272,70,89,94,20,91,1.92,18,"0.58","0.06","0.91","-1.48","0.1",-1.5
1985/03/10,05:01:43.200,-0.17,123.38,43.9,5.5,348,77,-7,79,83,-167,2.17e+24,24,,,,,,
1985/03/25,18:58:55.190,1.205,122.879,43.9,5.61,265,69,94,75,21,81,3.23,17,"0.24","-0.16","1.98","-2.42","-0.41",-2.22
1985/08/13,00:25:21.900,-2.3,125.64,13.6,5.5,309,15,146,71,82,77,2.49e+24,24,,,,,,
1985/08/20,13:43:17.440,-0.993,126.981,27.5,5.31,343,24,69,186,67,99,11.63,16,"-8.44","-7.96","8.14","-1.53","0.86",0.3
1986/01/03,09:43:28.680,-0.916,126.885,25,6.06,174,74,98,329,18,66,1.53,18,"-0.74","-1.28","0.82","0.07","0.27",-0.08
1986/04/10,02:21:12.310,-0.843,126.831,15,6.15,201,87,119,297,29,6,2.08,18,"-1.06","-1.78","0.11","-0.36","0.46",0.96
1986/04/10,02:21:15.700,-1.45,126.76,15,6.1,297,29,6,201,87,119,2.08e+25,25,,,,,,
1987/07/07,10:36:02.770,4.406,125.158,45.8,5.68,344,49,62,203,48,119,4.04,17,"-4.12","0.11","3.45","-1.25","-0.28",0.67
1987/07/22,08:03:16.380,4.054,125.596,31.7,5.58,187,61,100,347,30,73,2.92,17,"-2.63","-1.5","2.3","-0.35","0.13",0.33
1987/11/27,00:02:10.620,-0.177,125.106,43,6.06,17,62,72,232,33,121,1.53,18,"-0.8","0.88","1.29","-0.06","-0.56",-0.48
1987/11/27,00:02:14.900,-0.24,125.78,18.6,6.1,232,33,121,17,62,72,1.53e+25,25,,,,,,
1987/11/28,04:03:48.020,-0.243,124.92,40,6.26,21,71,75,240,24,126,3.04,18,"-0.97","2.32","2.05","0.43","-0.86",-1.07
1987/11/28,04:03:54,-0.14,125.68,15,6.3,240,24,126,21,71,75,3.04e+25,25,,,,,,
1987/11/30,04:41:41.070,0.032,125.11,41,5.62,34,60,83,229,30,103,3.26,17,"-1.58","1.51","2.91","0.72","-1.25",-1.32
1987/12/06,00:48:22.420,3.724,125.428,19.9,5.25,359,29,76,196,62,98,9.42,16,"-8.5","-4.9","6.94","-1.71","-1.6",1.57
1987/12/06,00:48:25.500,3.63,124.88,34.4,5.2,359,29,76,196,62,98,9.42e+23,23,,,,,,
1987/12/23,10:10:17.780,-0.155,124.955,24.6,5.62,31,64,82,229,28,106,3.29,17,"-1.52","1.79","2.63","0.83","-1.28",-1.11
1987/12/23,10:10:24.500,0.05,125.62,49.3,5.6,229,28,106,31,64,82,3.29e+24,24,,,,,,
1988/03/08,15:38:27.610,-2.033,125.3,30,5.92,69,83,-14,161,76,-173,9.37,17,"6.64","-0.13","-1.8","-2.06","7.04",-4.84
1988/09/26,13:31:09.200,-0.292,125.102,49.5,5.56,10,61,39,259,57,144,2.69,17,"-0.66","1.39","1.3","-1.24","-1.69",-0.64
1988/10/28,10:37:54.790,-0.297,122.141,20,5.52,176,87,9,85,81,177,2.37,17,"-0.3","-0.37","-0.07","0.19","-2.31",0.38
1989/03/08,02:34:27.720,-0.053,124.924,35,5.85,11,74,77,232,21,129,7.32,17,"-2.73","6.06","4.12","0.48","-1.96",-1.39
1989/04/16,06:50:26.610,1.076,120.139,29,5.52,260,69,114,28,31,43,2.37,17,"-0.36","0.07","1.44","-1.66","-1.08",-1.08
1989/05/24,08:05:48.840,-3.759,123.266,19.9,5.82,330,73,69,204,27,140,6.57,17,"-4.52","4.08","3.39","-3.11","0.3",1.14
1989/07/08,10:33:08.850,1.093,121.52,35,5.74,194,50,-98,25,41,-81,5.01,17,"4.41","0.89","-4.88","-0.23","1.59",0.46
1989/07/14,20:42:48.400,-7.86,125.41,36.4,6.6,67,33,103,232,58,82,1.08e+26,25,,,,,,
1989/07/31,17:07:38.900,-7.94,121.18,30.4,6.6,83,45,139,205,62,53,1.07e+26,25,,,,,,
1990/02/03,04:43:38.680,-2.946,126.311,25,5.12,61,62,29,316,64,148,6.13,16,"3.46","3.09","2.38","0.26","1.46",-5.84
1990/02/03,04:43:39.700,-2.36,126.03,34.6,5.1,61,62,29,316,64,148,6.13e+23,23,,,,,,
1990/02/03,22:27:31.150,-2.134,125.162,22.1,5.12,71,62,-21,171,72,-150,5.93,16,"2.88","2.32","-1.38","-2.52","4.21",-1.5
1990/03/01,16:06:00.300,-7.909,121.154,25,5.59,87,83,171,178,81,7,2.98,17,"-0.6","-0.2","0.69","0.35","-2.93",-0.08
1990/04/04,09:07:27.600,-0.47,122.68,33,5.1,229,41,-156,121,74,-51,5.57e+23,23,,,,,,
1990/04/18,13:39:23.170,1.239,122.853,36.6,7.62,257,64,73,112,31,122,3.31,20,"-0.25","-1.1","2.73","-1.76","0.32",-2.48
1990/04/18,18:33:02.960,1.291,122.975,25,6.48,268,67,86,98,24,99,6.54,18,"-1.27","-0.45","5.4","-4.46","0.27",-4.13
1990/04/19,01:05:10.340,1.391,123.118,30,5.95,278,62,109,62,33,58,10.22,17,"0.32","2.48","8.09","-5.24","-1.67",-8.42
1990/04/19,08:28:39.700,1.9,123.59,31.8,5.3,60,38,41,296,66,121,1.24e+24,24,,,,,,
1990/04/19,12:40:41.350,1.182,123.473,30,6.3,346,81,-43,85,48,-168,3.43,18,"-0.48","-2.29","-0.69","0.04","-2.34",1.18
1990/04/19,12:40:43.400,1.34,122.92,40.5,6.3,85,48,-168,346,81,-43,3.43e+25,25,,,,,,
1990/04/21,05:14:06.020,1.226,123.357,35.3,5.47,278,64,110,59,32,56,1.99,17,"0.71","0.15","1.24","-1.08","-0.4",-1.96
1990/04/21,05:14:09.500,1.92,123.77,38.1,5.5,59,32,56,278,64,110,1.99e+24,24,,,,,,
1990/04/22,23:51:54.130,0.964,120.09,29.6,5.23,16,21,21,266,83,110,8.88,16,"0.77","-0.83","1.69","-8","-3.31",-2.46
1990/04/26,15:40:37.860,1.241,122.932,30.7,5.93,298,63,92,113,27,86,9.58,17,"-2.04","2.73","8.27","-4.79","2.51",-6.23
1990/04/27,09:42:34.500,2.12,123.97,33,5.3,58,17,57,272,76,99,1.31e+24,24,,,,,,
1990/05/09,19:46:42.800,-2.84,119.57,15,5.2,264,55,-15,3,78,-144,8.21e+23,23,,,,,,
1990/05/11,19:42:24.800,1.54,123.36,41.3,5.3,47,18,70,248,73,96,1.15e+24,23,,,,,,
1990/05/15,18:31:41.680,1.197,123.89,30,5.97,227,63,81,65,29,106,11.02,17,"-3.07","-5","9.38","-3.94","-3.62",-6.31
1990/05/15,18:31:42.400,1.19,123.29,15,6,65,29,106,227,63,81,1.1e+25,24,,,,,,
1990/05/26,02:57:35,1.33,123.36,33,5.7,119,12,109,279,79,86,4.79e+24,24,,,,,,
1990/06/02,04:57:58.130,1.164,122.849,30.5,5.44,57,29,66,264,64,102,1.82,17,"-0.47","0.19","1.6","-1.12","-0.37",-1.13
1990/06/09,21:38:21.960,1.336,123.501,28,5.52,224,76,82,73,16,118,2.36,17,"-0.27","-1.54","1.13","-1.38","-0.5",-0.85
1990/06/26,02:36:22.640,1.132,123.019,30.4,5.24,72,29,49,297,68,110,9.1,16,"-0.34","4.78","6.6","-4.67","-0.2",-6.26
1990/06/26,02:36:28.900,1.94,123.01,15,5.2,72,29,49,297,68,110,9.1e+23,23,,,,,,
1990/07/06,13:39:34.110,1.086,121.436,30.9,5.58,196,62,-105,45,31,-64,2.93,17,"1.71","1.69","-2.48","-0.01","0.99",0.76
1990/08/04,09:19:30.170,1.338,123.089,29.3,5.37,75,26,80,267,65,95,1.42,17,"-0.44","0.06","1.3","-0.91","-0.11",-0.86
1990/09/09,22:29:29.400,1.252,123.024,34.9,5.68,275,71,92,89,19,85,4.09,17,"-0.21","0.33","2.62","-3.22","0.07",-2.4
1990/11/30,13:19:29.840,1.038,124.014,30.9,5.79,322,48,67,175,47,113,6.01,17,"-4.92","-0.68","5.73","-1.81","1.95",-0.8
1990/11/30,14:17:04.690,1.089,124.043,30.7,5.28,352,40,107,150,52,76,10.55,16,"-9.39","-1.35","9.71","2.39","3.55",-0.32
1990/12/13,12:26:42.620,1.141,124.023,34.8,6.06,153,49,97,321,41,81,1.49,18,"-1.03","-0.25","1.43","0","0.73",-0.39
1990/12/17,01:21:07.100,1.66,123.42,33,5.1,74,26,61,286,67,104,5.31e+23,23,,,,,,
1990/12/17,01:43:45.400,1.37,123.14,18.1,5.5,94,21,84,281,69,92,2.04e+24,24,,,,,,
1990/12/23,01:11:24,1.3,123.88,24.9,5.3,296,36,75,134,55,101,1.26e+24,24,,,,,,
1991/05/13,03:41:16,1.42,123.62,33,5.3,122,9,106,286,81,88,9.5e+23,23,,,,,,
1991/05/19,00:58:02.900,1.177,122.962,23.7,6.87,291,67,98,92,24,72,2.48,19,"-0.02","0.73","1.77","-1.54","0.36",-1.75
1991/05/21,11:00:21.780,-7.469,126.516,25,6.57,283,59,106,74,34,65,8.7,18,"1.61","1.71","6.83","-3.68","-0.07",-8.45
1991/06/20,05:18:54.260,1.199,122.768,30,7.52,276,83,88,109,7,102,2.31,20,"0","0.24","0.55","-2.23","0.12",-0.54
1991/06/21,12:14:18.600,1.56,122.74,15,5.4,321,63,150,65,64,30,1.65e+24,24,,,,,,
1991/06/21,16:17:31.510,1.147,123.065,31.2,5.36,69,31,58,285,64,108,1.38,17,"0.21","0.35","1","-0.73","-0.05",-1.21
1991/07/04,07:08:37.800,-7.76,124.74,44.3,5.6,62,29,89,244,61,91,3.53e+24,24,,,,,,
1991/07/18,04:54:56.700,-7.61,122.4,43.7,5.8,14,83,-1,104,89,-173,5.39e+24,24,,,,,,
1991/08/08,02:09:48.870,1.088,122.542,30,6.59,273,65,92,88,25,86,9.44,18,"1.18","0.4","6.62","-6.07","0.14",-7.81
1991/08/08,22:08:31.600,1.261,122.551,27.2,5.03,115,38,115,265,56,72,4.45,16,"1.13","-0.53","3.52","-1.37","0.93",-4.65
1991/08/09,06:28:03.140,1.397,122.755,25,5.27,93,40,80,286,51,98,1.01,17,"0.14","0.12","0.9","-0.18","0.22",-1.04
1991/11/01,02:51:13.830,1.238,122.098,30,5.93,286,66,108,66,30,55,9.75,17,"2.28","2.25","6.26","-5.75","-0.3",-8.54
1991/12/23,19:57:39.100,-3.42,126.81,33,5.1,212,82,-178,122,88,-8,6.19e+23,23,,,,,,
1992/01/06,14:28:21.700,1.37,123.08,47.9,5.3,39,29,138,168,71,67,9.89e+23,23,,,,,,
1992/04/16,08:00:56.580,1.277,122.613,34.2,6.09,258,78,82,111,14,122,1.68,18,"0.2","-0.34","0.6","-1.49","0.02",-0.8
1992/05/06,08:52:51.220,-0.331,125.89,48.7,5.5,85,78,96,237,13,62,2.17,17,"0.36","0.19","0.65","1.97","-0.37",-1.01
1992/06/06,21:40:44.520,1.055,124.081,33.6,5.94,334,52,107,128,41,70,10.02,17,"-5.71","3.06","9.86","0.97","4.22",-4.14
1992/06/09,14:45:02.940,1.109,124.186,30,5.7,273,52,84,103,38,98,4.44,17,"-0.22","-0.24","4.35","-1.13","0.59",-4.13
1992/06/10,02:13:47.490,1.024,124.117,32.2,5.95,97,50,95,269,41,84,1.04,18,"0.04","-0.07","1","0.16","0.05",-1.05
1992/06/11,02:03:37.300,1.1,124.04,17.8,5.8,280,41,83,109,49,96,5.78e+24,24,,,,,,
1992/07/15,06:34:18.010,1.372,123.357,34.6,5.56,307,75,110,73,25,39,2.71,17,"0.26","1.59","1.39","-1.55","0.23",-1.65
1992/08/11,00:01:33.500,-0.05,125.64,45.8,5.5,223,23,98,35,67,87,1.95e+24,24,,,,,,
1992/09/23,08:10:54.970,1.256,123.575,35,5.41,53,33,56,272,63,110,1.65,17,"0.17","0.21","1.18","-0.91","-0.49",-1.35
1992/09/24,12:08:19.100,1.34,123.44,15,5.2,295,42,117,81,53,67,7.37e+23,23,,,,,,
1993/01/03,04:23:34.540,-1.562,119.699,25,5.67,160,83,19,68,72,173,3.93,17,"-3.38","-1","1.51","0.13","-2.71",1.88
1993/01/03,04:23:36,-1.6,119.5,31,5.1,68,72,173,160,83,19,,,,,,,,
1993/01/03,04:23:41.800,-1.17,120.08,48.4,5.7,68,72,173,160,83,19,3.93e+24,24,,,,,,
1993/01/28,20:51:48.700,-3.22,126.65,15,5.2,72,61,-3,164,87,-151,9.05e+23,23,,,,,,
1993/01/28,20:51:53.990,-3.088,126.732,17.3,5.24,72,61,-3,164,87,-151,9.05,16,"4.84","4.13","-0.65","-1.43","6.49",-4.19
1993/04/08,12:49:26.300,-4.4,120.1,25,5.5,203,43,91,22,47,89,,,,,,,,
1993/04/08,12:49:35.300,-4.06,120.72,43.5,5.3,203,43,91,22,47,89,1.23e+24,24,,,,,,
1993/05/06,05:42:04.300,1.1,123,29,5.5,74,37,59,292,59,111,,,,,,,,
1993/05/20,11:08:14.560,0.098,124.891,45,5.67,28,61,82,224,30,103,3.91,17,"-2.19","1.89","3.29","0.72","-1.66",-1.1
1993/05/20,11:08:18.300,-0.13,125.29,49.2,5.7,224,30,103,28,61,82,3.91e+24,24,,,,,,
1993/05/30,22:33:58.400,-1,124.3,34,5.8,309,10,127,91,82,84,,,,,,,,
1993/06/04,11:24:56.600,1.61,122.8,17.7,5.4,116,44,133,244,60,57,1.55e+24,24,,,,,,
1993/08/08,00:31:08.510,0.802,120.356,37.2,5.43,285,56,-18,25,75,-145,1.75,17,"-0.68","-1.01","-0.44","0.01","1.04",1.13
1993/10/23,07:22:33.400,2.11,122.43,47.9,5.2,98,35,102,264,56,82,9.32e+23,23,,,,,,
1993/12/07,16:27:22.500,0.5,122.7,46,5.3,274,24,-138,144,74,-71,,,,,,,,
1993/12/09,11:38:35.400,1.2,125,36,6.3,35,11,122,183,81,84,,,,,,,,
1993/12/12,18:26:38.700,1.4,123.9,0,5.3,333,29,65,181,64,103,,,,,,,,
1994/04/09,01:28:58.800,-0.7,123.3,40,5.1,266,31,154,18,77,62,,,,,,,,
1994/04/19,05:48:09.250,1.245,123.394,25,5.23,109,13,93,286,77,89,8.93,16,"-1.27","2.17","4.42","-7.73","0.75",-3.15
1994/05/19,23:41:47.700,-7.71,124.88,33,5.3,41,37,56,261,60,113,1.09e+24,23,,,,,,
1994/05/20,04:38:37.600,-7.71,125.14,33,5.5,46,32,76,242,59,98,1.95e+24,24,,,,,,
1994/09/26,21:31:27.100,-2.56,126.9,42.5,5.4,42,41,-6,136,86,-131,1.52e+24,24,,,,,,
1994/11/26,11:21:00.500,-0.4,124.1,35,5.5,180,38,12,80,82,127,,,,,,,,
1994/12/07,23:08:33,-2.97,119.81,33,5.3,216,68,177,308,87,22,1.13e+24,24,,,,,,
1994/12/08,08:30:27.400,2,120.8,39,5.1,39,73,-3,130,88,-163,,,,,,,,
1994/12/08,08:30:27.640,1.965,120.858,30,5.65,130,88,-163,39,73,-3,3.62,17,"3.52","0.63","-0.27","-0.86","-0.69",-3.26
1995/05/01,00:29:37.500,-1.6,121.1,50,5.2,142,74,16,47,74,163,,,,,,,,
1995/05/01,00:29:44.100,-0.25,121,43.2,5.2,142,74,16,47,74,163,7.02e+23,23,,,,,,
1995/05/19,21:29:58.500,-1.1,120.2,30,5.8,129,29,-58,274,65,-160,,,,,,,,
1995/06/12,00:16:38.500,-2.7,121.3,30,4.8,24,81,178,114,88,9,,,,,,,,
1995/06/12,00:16:46.380,-2.369,121.183,35,5.23,24,81,178,114,88,9,8.9,16,"-6.54","-0.23","-0.04","1.46","5.82",6.59
1995/06/12,00:16:48.500,-1.89,121.93,49,5.2,24,81,178,114,88,9,8.9e+23,23,,,,,,
1995/07/25,15:32:53.100,-1.99,125.48,33,5.3,280,70,-5,11,85,-160,1.3e+24,24,,,,,,
1995/09/13,01:15:58.700,0.46,123.61,33,5,109,57,-24,212,70,-145,4.62e+23,23,,,,,,
1995/09/13,01:16:05.300,0.451,123.473,47.5,5.04,109,57,-24,212,70,-145,4.62,16,"-1.85","1.59","-2.29","0.51","2.63",4.15
1995/11/08,16:01:22.820,1.241,121.618,28,5.95,9,53,-87,185,37,-93,1.04,18,"1.03","-0.28","-0.94","-0.07","0.14",-0.09
1995/11/08,16:01:24.900,0.6,122,35,5.5,185,37,-93,9,53,-87,,,,,,,,
1995/11/08,16:01:26.800,1.32,121.72,17.8,5.9,185,37,-93,9,53,-87,1.04e+25,25,,,,,,
1996/01/01,08:05:13.850,0.741,119.963,33.5,7.87,252,85,94,36,6,54,7.78,20,"-0.35","-2.36","1.34","-7.27","-0.86",-0.98
1996/01/01,08:05:19.300,0.3,120.2,21,5.5,36,6,54,252,85,94,,,,,,,,
1996/01/01,08:05:23.100,0.74,119.93,15,7.9,36,6,54,252,85,94,7.78e+24,27,,,,,,
1996/01/01,22:41:58.500,1,119.3,33,4.7,165,72,161,261,72,19,,,,,,,,
1996/01/01,22:42:00.790,0.722,119.965,35,5.43,165,72,161,261,72,19,1.75,17,"0.6","-0.76","0.04","-0.49","1.4",-0.65
1996/01/03,11:23:43.700,0.66,119.88,26.7,5.5,53,57,-8,147,83,-147,1.95e+24,24,,,,,,
1996/01/04,15:54:20.900,0.08,125,40.1,5,202,28,78,35,62,96,4.65e+23,23,,,,,,
1996/01/08,16:55:09.840,0.937,120.169,36.7,5.28,148,20,124,292,74,79,10.48,16,"-2.97","2.37","6.08","-8.38","2.7",-3.11
1996/01/11,19:45:02.250,0.489,119.621,30.7,5.61,235,86,34,142,57,175,3.17,17,"2.42","-1.29","0.15","-1.23","0.78",-2.58
1996/02/06,17:58:57.910,0.945,120.162,21.6,5.7,257,77,95,55,14,69,4.41,17,"0","-0.85","1.78","-3.86","-0.87",-1.77
1996/02/07,07:57:19.940,1.05,120.158,14.9,6.02,257,76,94,61,14,75,1.32,18,"0.07","-0.25","0.53","-1.13","-0.27",-0.61
1996/03/07,09:32:49.490,-2.006,124.734,35.2,5.44,297,62,3,205,87,152,1.82,17,"-1.21","-0.68","-0.06","-0.56","1.02",1.27
1996/03/31,10:35:11.730,-3.913,127.039,36.2,5.25,279,33,101,87,58,83,9.49,16,"1.66","0.59","7.67","4.14","0.48",-9.33
1996/04/03,17:26:39.700,1.072,120.373,29.9,5.44,58,22,66,264,70,100,1.8,17,"0.32","-0.13","0.96","-1.34","-0.49",-1.28
1996/05/19,23:21:42.700,1.381,122.869,32.8,5.72,301,72,102,87,21,58,4.64,17,"0.39","2.01","2.45","-3.08","1.02",-2.85
1996/07/16,10:07:37.700,1.036,120.24,25,6.56,262,76,95,63,14,71,8.4,18,"0.02","-0.89","3.7","-7.38","-1.23",-3.72
1996/07/16,10:07:41.600,0.86,120.26,0,6,63,14,71,262,76,95,,,,,,,,
1996/07/16,10:07:42.400,1.27,120.35,21,6.5,63,14,71,262,76,95,8.4e+25,25,,,,,,
1996/07/22,14:19:36.860,1.027,120.458,28.4,6.98,264,77,96,57,14,63,3.61,19,"0.03","-0.25","1.46","-3.23","-0.56",-1.5
1996/07/27,22:34:08.320,1.161,120.561,28.1,5.38,70,25,68,274,67,100,1.46,17,"0.36","0.09","0.86","-1","-0.14",-1.22
1996/07/27,22:34:12.400,0.9,120.5,33,5.6,70,25,68,274,67,100,,,,,,,,
1996/07/28,10:40:44.760,0.971,120.219,28.6,5.93,256,75,95,57,16,71,9.67,17,"-0.45","-1.78","4.71","-8.14","-1.95",-4.25
1996/07/28,10:40:46.300,1,120.2,33,6.3,57,16,71,256,75,95,,,,,,,,
1996/07/28,10:40:49.300,1.36,120.35,20,5.9,57,16,71,256,75,95,9.67e+24,24,,,,,,
1996/08/12,15:44:52.300,1.79,120.97,33,5.1,47,24,38,281,75,110,5.2e+23,23,,,,,,
1996/08/12,17:00:29.940,-0.108,125.078,47.4,6,31,65,79,235,27,112,12.36,17,"-5.01","7.28","9.43","3.12","-4.83",-4.41
1996/08/13,06:38:20.200,-0.184,124.995,41.6,5.67,270,56,-129,145,50,-47,3.9,17,"0.9","2.69","-3.05","1.71","-1.11",2.14
1996/08/20,03:28:50.370,1.008,120.197,27.3,5.26,40,21,50,262,74,104,9.71,16,"1.8","-1.47","3.81","-7.75","-3.76",-5.61
1996/08/20,03:28:56.500,1.69,120.26,43.4,5.3,40,21,50,262,74,104,9.71e+23,23,,,,,,
1996/09/05,15:36:28,0.332,120.453,28.5,5.66,200,63,-102,46,29,-67,3.77,17,"2.32","2.08","-2.55","0.65","2.01",0.22
1996/09/10,02:34:17.880,1.02,120.243,34.3,5.79,257,74,97,52,17,66,5.95,17,"-0.61","-0.94","3.13","-4.97","-1.25",-2.52
1996/09/10,02:34:22.300,1.43,120.32,18,5.8,52,17,66,257,74,97,5.95e+24,24,,,,,,
1996/09/10,06:20:54.710,1.026,120.109,29.5,5.17,95,21,82,284,70,93,7.19,16,"-3.39","1.68","6.49","-5.17","-0.37",-3.1
1996/09/10,06:20:59.200,1.75,120.58,33,5.2,95,21,82,284,70,93,7.19e+23,23,,,,,,
1996/10/04,08:03:09.120,1.194,120.668,30,5.59,267,88,93,32,4,34,3.03,17,"-0.48","-0.09","0.48","-3.02","-0.16",0
1996/11/01,19:44:57.900,0.8,119.2,31,4.8,142,57,175,235,86,34,,,,,,,,
1996/12/11,04:22:03.400,-0.2,125.3,31,5.6,235,18,123,20,75,80,,,,,,,,
1997/02/14,01:04:23.900,-0.02,125.31,37.3,5.3,208,19,80,29,72,93,1.21e+24,23,,,,,,
1997/03/03,18:06:40.070,-7.978,117.58,28.5,5.1,229,68,9,136,82,158,5.61,16,"4.66","-1.61","1.06","1.04","0.54",-5.72
1997/06/03,12:23:55.100,-1.95,120.33,42.1,5.4,287,46,-59,67,52,-118,1.5e+24,24,,,,,,
1997/08/14,21:47:38.400,-0.9,121.7,36,5.2,322,86,2,231,88,176,,,,,,,,
1997/08/30,13:02:53.300,-1.13,124.4,35.3,5.1,313,65,27,211,65,152,5.72e+23,23,,,,,,
1997/09/28,01:38:28.800,-3.9,119.7,33,6,13,40,110,167,53,74,,,,,,,,
1997/10/18,02:40:06.200,-1.19,124.61,34.5,5.5,206,81,175,297,85,9,2.33e+24,24,,,,,,
1997/10/18,02:40:07.550,-0.883,124.02,49.4,5.52,297,85,9,206,81,175,2.33,17,"-1.9","-0.01","0.18","-0.38","1.41",1.73
1997/11/25,12:14:35.780,1.229,122.498,25,7.02,275,69,89,98,21,93,4.13,19,"0.19","0.23","2.62","-3.08","0.33",-2.82
1997/11/25,12:14:36.100,1.3,122.6,40,6.5,98,21,93,275,69,89,,,,,,,,
1997/11/25,12:14:42.900,1.37,122.71,29.4,7,98,21,93,275,69,89,4.13e+26,26,,,,,,
1997/12/03,21:42:02.900,-2.24,125.56,31.5,5.3,109,66,22,9,70,154,9.6e+23,23,,,,,,
1998/05/21,05:34:27.170,0.268,119.563,30,6.61,207,72,28,108,64,160,10.26,18,"4.67","-4.41","3.13","0.5","-6.29",-7.8
1998/07/24,10:51:50.100,1.8,120.99,38.3,5,268,69,-3,359,87,-159,4.41e+23,23,,,,,,
1998/07/31,15:17:33.300,-6.1,124.06,46,5.1,37,27,89,217,63,90,5.3e+23,23,,,,,,
1998/08/02,20:11:26.700,-2.9,125.4,8,5,181,29,130,317,68,71,,,,,,,,
1998/08/02,20:13:06.370,-2.761,126.23,30,5.22,181,29,130,317,68,71,8.59,16,"-5.61","3.53","5.7","-4.92","2.3",-0.09
1998/08/08,16:07:54.200,-0.6,122.7,34,4.8,166,56,147,275,63,38,,,,,,,,
1998/08/23,00:32:57.100,4.85,124.5,36.8,5.3,201,33,129,336,65,67,1.3e+24,24,,,,,,
1998/08/28,12:40:58.050,-0.086,125.019,50,6.11,34,63,78,240,29,113,1.78,18,"-0.64","0.95","1.39","0.46","-0.78",-0.75
1998/10/10,16:29:04.500,-0.3,119.8,33,6,359,34,41,233,69,117,,,,,,,,
1998/10/10,16:32:23.400,-0.8,120.1,28,5.5,355,31,35,235,73,116,,,,,,,,
1998/10/10,16:32:29.400,0.32,120.55,30.3,6,355,31,35,235,73,116,1.2e+25,24,,,,,,
1998/10/22,08:13:25.800,-7.5,125.2,40,5.2,34,28,77,229,62,97,,,,,,,,
1998/10/22,08:13:29.200,-7.61,126.02,42.7,5.4,34,28,77,229,62,97,1.38e+24,24,,,,,,
1998/10/27,01:38:53.400,-3.493,123.154,25,5.61,222,53,-102,62,39,-74,3.17,17,"0.78","0.73","-2.59","0.41","2.16",1.8
1998/11/29,14:10:33.120,-1.924,124.818,25,7.71,196,65,-150,92,63,-28,4.48,20,"-0.56","2.91","-0.9","-2","2.93",1.47
1998/12/26,15:39:08.750,-1.274,123.713,25,5.92,332,86,5,242,85,176,9.37,17,"-8.15","0.38","0.85","-0.81","-5.22",7.3
1999/02/25,18:18:11.170,0.295,119.568,36.8,5.47,15,87,-16,106,74,-177,1.99,17,"0.84","-0.51","0.24","-0.39","-1.63",-1.09
1999/03/01,08:51:02.700,-2.79,126.5,15,5.7,149,41,142,270,66,56,4e+24,24,,,,,,
1999/03/12,00:31:19.700,-4.5,123.4,45,5,308,51,-25,53,71,-139,,,,,,,,
1999/03/23,08:32:31.300,1.2,120,16,5,49,19,56,264,74,101,,,,,,,,
1999/04/08,11:30:12.500,-0.5,123.1,45,5.4,226,29,67,72,63,102,,,,,,,,
1999/05/13,13:54:42.530,-0.381,121.496,42,5.44,93,58,-31,201,64,-144,1.84,17,"-0.15","0.87","-0.84","-0.38","1.28",1
1999/06/23,20:40:27.300,0.97,124.21,39.4,5.3,227,30,70,70,62,101,1.06e+24,23,,,,,,
1999/08/12,05:45:00.360,-1.715,122.578,25,6.13,216,86,-170,126,80,-4,1.95,18,"-1.98","0.44","0.32","0.04","0.58",1.66
1999/08/13,10:12:21.570,-1.761,122.606,24.2,5.53,145,74,21,49,70,163,2.4,17,"-2.01","-0.22","-0.01","1.31","-0.49",2.02
1999/11/25,04:00:04.500,-0.6,121.1,0,5.7,265,43,-93,89,47,-87,,,,,,,,
2000/01/23,06:08:23.910,-7.931,120.736,25,5.74,88,50,118,228,48,61,4.99,17,"-0.56","-1.82","4.54","0.9","-1.66",-3.97
2000/01/23,08:02:55,-7.03,122.83,33,5.1,234,40,70,80,53,106,,,,,,,,
2000/01/23,08:03:06.900,-7.7,121.28,41.1,5.6,234,40,70,80,53,106,2.71e+24,24,,,,,,
2000/02/10,04:03:25.700,-1.25,126.81,12,5.1,21,42,90,201,48,90,,,,,,,,
2000/02/19,19:01:56.700,1.219,120.84,30,5.31,45,37,-76,208,55,-100,1.15,17,"0.69","0.37","-1.02","0.09","0.6",0.32
2000/02/19,19:02:12.500,-0.27,120.76,33,5.1,45,37,-76,208,55,-100,,,,,,,,
2000/02/21,18:51:24,4.64,124.71,28,5.2,203,58,-168,107,80,-33,6.84e+23,23,,,,,,
2000/04/08,15:28:22.130,1.033,120.165,15,5.52,262,76,97,55,15,64,2.38,17,"0.08","-0.28","0.99","-2.08","-0.47",-1.08
2000/05/04,04:21:18.020,-1.12,123.551,30,7.53,319,83,26,225,64,172,2.44,20,"-2.65","0.84","0.81","-0.46","-0.06",1.84
2000/05/04,04:21:33.400,-1.29,123.59,18.6,7.5,225,64,172,319,83,26,2.44e+27,27,,,,,,
2000/05/05,05:24:24.400,-1.54,123.1,33,4.7,219,77,175,310,85,13,,,,,,,,
2000/05/05,05:24:27.910,-1.212,123.376,30,5.69,310,85,13,219,77,175,4.24,17,"-3.72","0.18","-0.61","-1.19","0.72",4.34
2000/05/07,17:21:15.750,-2.608,122.471,45,5.54,15,85,166,106,76,5,2.55,17,"-1.44","0.52","0.32","0.27","2.11",1.13
2000/05/07,20:33:28.790,-2.668,121.879,38,5.19,213,70,-158,115,70,-22,7.64,16,"-4.86","3.4","-1.62","-0.87","3.48",6.47
2000/05/14,10:47:43.930,-1.437,123.409,30,5.55,336,58,48,215,51,137,2.61,17,"-2.78","0.4","1.73","-0.87","-0.33",1.05
2000/05/14,20:08:34.020,-4.34,123.197,20,6.24,16,64,70,235,32,125,2.85,18,"-1.65","1.58","1.92","0.26","-1.59",-0.26
2000/05/16,20:16:16.500,-1.41,123.57,21,4.3,223,67,-178,132,88,-23,,,,,,,,
2000/06/16,01:08:29.800,1.3,118.31,21,4.4,68,16,64,275,75,97,,,,,,,,
2000/06/16,01:08:30.810,1.065,118.392,17.8,5.41,68,16,64,275,75,97,1.65,17,"-0.31","0.24","0.97","-1.42","-0.16",-0.65
2000/08/03,08:53:19.600,0.29,121.53,33,5.5,5,63,-19,104,73,-152,,,,,,,,
2000/08/20,22:38:30.040,-1.373,123.312,15,5.51,218,80,153,313,64,12,2.29,17,"-2.07","-0.5","0.23","-1.01","0.35",1.84
2000/08/26,13:55:25.710,-5.809,123.344,15,5.17,261,18,89,82,72,90,7.14,16,"-0.79","0.82","4.51","5.75","-0.47",-3.72
2000/08/26,13:55:36.300,-5.3,122.84,33,5,261,18,89,82,72,90,,,,,,,,
2000/10/11,04:34:27.600,-1.62,124,33,5.5,42,77,178,132,88,13,2.39e+24,24,,,,,,
2000/12/10,10:05:51.400,-0.99,121.45,33,5.1,124,8,-49,262,84,-95,,,,,,,,
2000/12/10,10:05:52.500,-1.01,121.88,33,5.4,124,8,-49,262,84,-95,1.86e+24,24,,,,,,
2000/12/28,21:06:46.500,-0.49,119.95,20,4.5,108,54,-150,359,66,-40,,,,,,,,
2000/12/28,21:06:54.200,-0.62,120.25,27.2,5.4,108,54,-150,359,66,-40,1.42e+24,24,,,,,,
2001/02/09,17:02:52.690,1.281,123.465,41.6,5.28,66,18,45,292,77,103,10.53,16,"0.55","4.18","4.69","-8.29","-0.34",-5.24
2001/02/09,17:02:53.700,1.53,122.88,41.6,5.3,66,18,45,292,77,103,1.05e+24,23,,,,,,
2001/02/26,09:32:38.600,-1.09,121.12,33,4.3,211,42,98,21,48,83,,,,,,,,
2001/03/14,18:56:22.100,0.28,122.16,33,4.6,351,45,48,223,58,124,,,,,,,,
2001/05/03,05:13:29.180,-7.846,124.773,30.5,5.3,296,30,69,139,62,101,11.07,16,"-3.12","-5.32","8.79","3.31","4.88",-5.67
2001/05/03,05:13:34.500,-7.24,125.16,28.1,5.3,296,30,69,139,62,101,1.11e+24,23,,,,,,
2001/05/03,05:14:13.500,-5.35,122.53,33,4.2,296,30,69,139,62,101,,,,,,,,
2001/05/08,12:14:20.800,-0.93,121.88,15,5.1,318,47,-35,73,65,-131,5.58e+23,23,,,,,,
2001/06/04,02:59:12.900,-5.29,124.15,33,4.8,180,42,-155,70,74,-51,,,,,,,,
2001/06/23,14:34:22.600,-1.17,125.61,33,5.4,223,26,92,41,64,89,,,,,,,,
2001/07/01,03:40:57.500,-3.9,123.39,33,5,228,11,142,355,83,82,,,,,,,,
2001/07/01,03:40:58.110,-4.258,123.28,20,5.59,355,83,82,228,11,142,2.95,17,"-0.87","2.83","0.53","-0.22","-0.34",0.34
2001/07/01,03:41:01.700,-3.9,123.82,16,5.6,228,11,142,355,83,82,2.95e+24,24,,,,,,
2001/08/09,13:20:18.140,-7.426,120.637,25,5.4,14,28,70,216,64,100,1.56,17,"-1.06","-0.73","1.07","-0.59","-0.71",-0.01
2001/08/09,13:20:32.500,-7.32,121.22,39,5.4,14,28,70,216,64,100,1.56e+24,24,,,,,,
2001/10/07,12:13:00,-0.4,125.1,33,4.9,278,29,113,72,63,78,,,,,,,,
2001/10/19,03:28:43.380,-4.1,123.951,15,7.45,89,86,13,358,77,176,1.86,20,"0.09","0.16","0.02","0.42","1.8",-0.12
2001/10/19,03:28:58,-4.31,124.11,18.8,7.4,358,77,176,89,86,13,1.86e+27,27,,,,,,
2001/10/19,21:42:37.700,-5.2,124.26,34.1,5.3,185,72,-172,92,83,-18,9.65e+23,23,,,,,,
2001/10/20,19:18:08.300,-3.86,124.33,15,5.4,97,44,9,1,84,133,1.71e+24,24,,,,,,
2001/10/21,19:02:52.140,-4.964,124.044,30,5.65,101,76,17,6,74,165,3.65,17,"-1.02","0.87","0.08","1.27","3.19",0.95
2001/11/03,21:50:24.790,-2.963,122.236,35.2,5.27,104,24,12,3,85,114,10.07,16,"-3.74","9.08","0.67","-1.21","3.89",3.08
2001/11/30,15:22:05.700,-1,119,33,5,170,50,12,72,81,140,,,,,,,,
2001/11/30,15:22:07.540,-1.161,119.901,38.3,5.18,170,50,12,72,81,140,7.49,16,"-3.43","-1.96","0.16","6.02","-3.98",3.27
2001/11/30,15:22:08.800,-1.34,120.51,38.3,5.2,170,50,12,72,81,140,7.49e+23,23,,,,,,
2001/12/18,02:09:56.600,-0.2,123.4,33,4.7,233,56,141,347,59,40,,,,,,,,
2002/02/07,03:16:09.100,-2.07,126.08,21,5.4,277,19,-160,168,84,-72,,,,,,,,
2002/02/08,22:30:58.300,-3.66,120.07,33,4.5,272,30,-7,8,87,-120,,,,,,,,
2002/02/14,13:14:02,-0.7,122.5,21,5.3,221,64,175,313,86,26,,,,,,,,
2002/02/14,13:14:26.940,-1.776,120.215,23,5.05,221,64,175,313,86,26,4.7,16,"-3.87","0.7","-0.57","-2.26","0.29",4.45
2002/03/05,15:40:47.500,-1.11,119.41,35,4.7,100,37,-165,358,81,-54,,,,,,,,
2002/03/05,15:40:50.870,0.692,119.836,35,5.13,100,37,-165,358,81,-54,6.24,16,"0.08","-5.07","-1.54","-2.17","-3.32",1.46
2002/03/15,04:36:35.960,-4.174,123.295,15,5.42,225,27,143,349,74,68,1.71,17,"-1.01","1.28","0.85","-0.45","-0.44",0.17
2002/03/15,04:36:48.300,-3.89,122.52,33,4.8,225,27,143,349,74,68,,,,,,,,
2002/03/17,08:28:38,1.46,123.4,29,5.4,138,60,-176,46,87,-30,1.36e+24,24,,,,,,
2002/03/22,17:37:45.800,-1.28,125.08,32,4.8,217,16,119,7,76,82,,,,,,,,
2002/04/30,23:01:05.180,-0.598,123.19,39.1,5.08,36,43,21,290,76,131,5.21,16,"0.82","3.91","1.63","-2.73","-2.27",-2.46
2002/05/14,14:19:04.930,3.461,125.533,35,5.42,46,44,126,180,56,60,1.71,17,"-1.47","-0.52","1.31","0.32","-0.82",0.17
2002/05/14,14:19:09.500,3.71,125.42,48,5.4,46,44,126,180,56,60,1.71e+24,24,,,,,,
2002/05/30,12:45:12.800,-0.92,119.39,21,5,9,20,49,232,75,104,,,,,,,,
2002/05/30,12:45:17.300,-1.545,119.61,35.8,5.24,9,20,49,232,75,104,9.18,16,"-3.76","-4.31","4.5","-6.36","-2.79",-0.74
2002/06/16,00:00:25.170,0.454,119.833,17,5.86,84,71,-141,339,53,-24,7.52,17,"-1.15","-2.49","-2.85","-3.58","-5",4
2002/07/01,08:11:05.540,-1.485,120.191,15,5.31,271,34,-97,99,56,-86,1.15,17,"-0.03","0.12","-1.03","-0.44","-0.1",1.07
2002/07/01,08:11:07.800,-0.95,120.45,15,5.3,271,34,-97,99,56,-86,1.15e+24,24,,,,,,
2002/07/11,17:30:41.150,1.087,121.917,27.5,5.21,105,23,95,280,67,88,8.11,16,"0.95","0.91","5.13","-5.62","1.56",-6.08
2002/07/19,02:38:30.890,1.322,122.822,34.8,5.61,281,72,96,83,19,73,3.19,17,"0.13","0.59","1.84","-2.49","0.09",-1.97
2002/07/23,01:35:17.600,1.16,124.27,33,5.1,199,50,-5,292,86,-140,,,,,,,,
2002/07/23,01:35:51.670,-0.012,123.963,24.6,5.13,199,50,-5,292,86,-140,6.31,16,"3.46","-0.89","-0.39","4.06","-3.46",-3.08
2002/07/23,01:35:52.500,0.71,124.23,24.6,5.1,199,50,-5,292,86,-140,6.31e+23,23,,,,,,
2002/08/15,05:30:29.840,-1.314,121.361,20,6.16,210,52,112,357,43,65,2.15,18,"-1.97","-0.14","1.97","-0.69","-0.5",0.01
2002/08/15,05:30:36.800,-1.26,121.3,15,6.2,357,43,65,210,52,112,2.15e+25,25,,,,,,
2002/12/14,09:57:03.500,-1.16,123.2,34,4.9,224,62,154,327,67,31,,,,,,,,
2003/01/28,11:29:38.870,-0.87,121.95,33,5.4,294,46,-110,142,47,-71,,,,,,,,
2003/01/28,14:05:02.080,-0.733,122.018,20.1,5.17,327,40,-98,158,50,-83,7.2,16,"5.61","1.39","-6.89","0","-3.12",1.27
2003/02/20,10:37:05.710,-1.017,126.779,26.1,5.53,12,87,-119,276,29,-7,2.47,17,"-0.58","-2.23","-0.37","0.06","0.92",0.95
2003/02/27,11:40:29.890,-7.81,125.043,15,5.28,272,37,104,75,54,80,1.04,17,"0.01","0.19","0.97","0.28","-0.11",-0.99
2003/03/20,22:16:02.400,-0.04,125.67,45,5.4,246,27,117,36,67,77,1.69e+24,24,,,,,,
2003/05/11,17:51:36.760,-0.981,126.971,30,6.08,172,79,96,320,12,59,1.62,18,"-0.52","-1.49","0.57","0.18","0.26",-0.05
2003/05/22,16:01:35.400,-0.17,124.15,39,5.1,176,36,89,358,54,91,,,,,,,,
2003/05/26,15:50:03.640,1.089,120.438,41.8,5.49,281,75,83,125,17,113,2.1,17,"-0.99","0.12","1.53","-1.8","0.12",-0.54
2003/05/26,15:50:05.400,1.51,121.03,41.8,5.5,125,17,113,281,75,83,2.1e+24,24,,,,,,
2003/06/08,21:15:36,-7.616,125.632,30.3,5.19,99,46,108,255,47,73,0.77,17,"0.05","-0.16","0.73","-0.01","-0.05",-0.78
2003/06/12,19:41:14.100,-0.683,123.424,41.4,5.07,91,74,-175,359,85,-16,5.1,16,"-0.18","-1.5","0.32","-0.67","-4.85",-0.13
2003/06/12,19:41:17.400,-0.81,123.97,41.4,5.1,91,74,-175,359,85,-16,5.1e+23,23,,,,,,
2003/06/14,04:01:35.800,-1.61,124.95,26.2,5.4,319,53,8,224,84,142,1.63e+24,24,,,,,,
2003/06/14,04:01:43.190,-1.64,123.98,30,5.4,319,53,8,224,84,142,,,,,,,,
2003/07/15,12:57:09.950,-1.009,127.043,25.3,5.16,16,15,119,166,77,83,6.87,16,"-3.21","-5.92","2.93","1.64","-0.04",0.28
2003/07/21,19:45:14.030,-0.41,123.11,33,5.3,171,51,52,42,52,127,,,,,,,,
2003/07/24,10:23:20.720,-0.17,124.63,31,5.8,96,54,20,354,74,142,,,,,,,,
2003/09/24,23:03:40.360,-0.44,125.29,26,4.8,14,32,99,183,58,84,,,,,,,,
2003/11/05,22:02:46.500,-2.88,121.27,33,5,281,23,-84,95,67,-93,4.26e+23,23,,,,,,
2003/11/15,13:58:47,-7.86,121.94,15,5.2,299,10,74,135,80,93,7.52e+23,23,,,,,,
2003/12/12,03:10:48.980,-1.01,126.67,48,5.5,322,20,66,168,72,99,,,,,,,,
2003/12/14,11:22:56.330,-3.54,125.96,35,4.9,61,69,2,330,88,159,,,,,,,,
2004/01/07,21:57:45.400,1.54,122.62,34.4,4.9,147,39,143,267,68,57,3.31e+23,23,,,,,,
2004/01/07,21:57:46.740,0.67,123.08,9.4,4.7,147,39,143,267,68,57,,,,,,,,
2004/01/19,14:32:16.200,-1.08,126.74,27,5.3,350,27,86,174,63,92,,,,,,,,
2004/03/09,05:56:27.500,-2.44,125.5,43,5.1,345,41,121,126,56,66,,,,,,,,
2004/03/09,05:56:30.470,-2.074,125.081,15,5.58,126,56,66,345,41,121,2.84,17,"-1.74","-0.21","2.21","0.91","1.85",-0.48
2004/04/02,15:41:30.560,-0.116,124.852,25,5.56,19,73,68,254,27,142,2.69,17,"-0.59","2.08","1.39","0.37","-1.14",-0.8
2004/05/21,20:45:31,-7.63,123.2,33,4.9,230,39,26,119,74,126,,,,,,,,
2004/06/23,01:26:01,-6.69,124.9,33,5.3,167,36,-163,64,80,-55,,,,,,,,
2004/06/25,16:00:47,-7.43,125.85,33,5.1,223,39,49,91,62,118,,,,,,,,
2004/06/29,11:40:17.300,-0.64,123.36,33,5.5,281,47,121,59,51,61,,,,,,,,
2004/06/30,23:37:25.300,0.81,124.65,33,5,45,71,3,315,88,161,,,,,,,,
2004/07/05,07:25:26.670,-5.9,122.5,33,4.8,30,40,88,213,50,91,,,,,,,,
2004/07/05,07:26:06.100,-5.06,122.7,17.9,4.8,30,40,88,213,50,91,1.98e+23,23,,,,,,
2004/08/08,10:40:30,4.8,120.43,25,5,318,41,83,147,49,96,3.87e+23,23,,,,,,
2004/08/08,10:42:11.900,-2.88,120.02,33,4.3,318,41,83,147,49,96,,,,,,,,
2004/08/12,14:01:38,-0.34,125.09,41,5.1,248,36,125,28,61,67,,,,,,,,
2004/09/26,15:24:05.450,0.946,120.231,22,5.13,272,16,-59,61,77,-98,6.33,16,"-0.04","-2.94","-2.85","-4.76","0.74",2.89
2004/10/25,07:15:16.220,0.959,120.145,30.6,5.09,44,18,61,254,74,99,5.46,16,"-0.85","-0.97","2.92","-4.52","-1.31",-2.06
2004/11/02,21:48:17.200,-0.96,119.57,26.5,4.9,351,63,-21,91,71,-151,2.87e+23,23,,,,,,
2004/11/09,18:51:59.800,-1.26,121.8,42,4.7,24,35,17,280,80,124,,,,,,,,
2004/11/11,21:26:58,-7.87,125.12,17,7.5,67,27,72,267,65,99,2.12e+27,27,,,,,,
2004/11/12,08:52:44.400,-7.96,125.36,16.3,5.1,86,33,74,285,58,100,6.62e+23,23,,,,,,
2004/11/12,09:59:51.800,-7.99,124.77,23.6,5,108,46,146,223,6,49,4.71e+23,23,,,,,,
2004/11/13,22:34:14.100,-7.97,125.06,13,5.2,61,28,75,258,63,98,7.71e+23,23,,,,,,
2004/11/18,13:42:02.320,-7.916,124.928,10,5.38,92,29,101,259,62,84,1.46,17,"0.19","-0.19","1.12","-0.77","-0.14",-1.31
2004/11/20,02:32:39.300,-2.8,125.87,20,5.3,92,45,-103,290,46,-78,,,,,,,,
2004/11/20,02:32:41.960,-3.389,126.101,10,5.33,92,45,-103,290,46,-78,1.23,17,"-0.1","-0.16","-1.13","0","-0.28",1.24
2004/11/28,01:22:22.400,-7.96,125.32,17.6,5.3,74,43,0,164,90,-133,1.1e+24,24,,,,,,
2004/12/20,20:24:27.300,-0.33,125.1,30.2,5.1,256,39,138,21,65,59,5.7e+23,23,,,,,,
2004/12/21,17:01:19.560,-7.892,125.174,17.5,5.11,49,73,-174,317,84,-17,5.82,16,"-5.74","-2.03","0.56","0.51","-0.49",5.18
2004/12/21,17:01:24,-6.6,124.8,33,5,49,73,-174,317,84,-17,,,,,,,,
2005/01/23,19:59:43.700,-1.101,120.043,15,5.26,76,52,-151,327,68,-42,0.99,17,"-0.31","-0.36","-0.53","0.15","-0.6",0.84
2005/01/23,20:10:12.920,-1.19,120.013,10,6.24,321,61,-59,90,41,-133,2.8,18,"-0.22","-1.1","-1.9","0.51","-1.62",2.13
2005/01/29,11:50:49.910,-2.006,126.596,15,5.18,90,51,-48,214,55,-130,7.49,16,"0.58","4.08","-5.56","-1.82","3.19",4.97
2005/02/05,23:38:02.500,-0.2,123.9,14.9,5,150,49,46,26,57,129,,,,,,,,
2005/02/17,16:43:09,-0.6,125.4,33,4.9,351,32,73,191,59,101,,,,,,,,
2005/02/19,00:04:43,-5.9,122.3,33,6.9,41,49,121,179,49,59,,,,,,,,
2005/02/19,00:04:43.630,-5.652,122.174,11.6,6.44,179,49,59,41,49,121,5.64,18,"-5.52","-0.36","4.28","0.97","-2.84",1.23
2005/02/25,03:20:31.600,-5.62,122.41,20.2,4.9,161,37,88,344,53,92,2.75e+23,23,,,,,,
2005/03/20,17:15:03.980,-7.993,124.82,29.6,5.78,143,81,12,51,78,171,5.67,17,"-5.7","-0.4","0.7","1.26","-1.24",5
2005/03/20,17:19:17.200,-7.931,124.716,26.1,5.36,227,32,43,99,69,114,1.37,17,"-0.05","-0.48","0.91","0.88","-0.37",-0.85
2005/04/05,08:43:31,-1.04,120.62,28.1,4.8,90,44,-91,270,46,-90,1.72e+23,23,,,,,,
2005/04/25,17:05:24,-1,126.3,30,5.4,254,50,128,23,53,54,,,,,,,,
2005/05/25,18:44:27,1.5,120,33,4.7,116,68,-21,214,70,-157,,,,,,,,
2005/06/13,07:02:32,-2.8,126.5,18.7,5.6,27,38,93,204,52,88,,,,,,,,
2005/07/09,23:40:34.300,-2.8,125.9,33,4.7,80,44,-141,320,64,-53,,,,,,,,
2005/07/09,23:59:14.250,-1.227,119.998,10,5.88,320,64,-53,80,44,-141,0.8,18,"-0.19","-0.31","-0.49","0.16","-0.42",0.69
2005/07/18,19:37:21.690,-0.164,125.131,35,5.83,16,81,68,265,24,157,6.77,17,"0.17","6.16","2.51","0.31","-1.9",-2.69
2005/07/28,19:47:29.200,-0.41,125.1,30.7,4.9,147,32,112,42,61,77,2.81e+23,23,,,,,,
2005/08/02,11:33:49.100,-5.4,123.7,30,5.1,225,31,-134,93,68,-68,,,,,,,,
2005/08/27,04:43:35.100,-7.98,125.5,25.2,4.7,122,40,135,240,63,60,1.66e+23,23,,,,,,
2005/09/12,21:51:03.830,-7.714,125.568,15,5.14,75,47,134,200,58,53,6.4,16,"-1.92","-2.21","4.43","0.4","-4.76",-2.51
2005/11/20,19:34:42.680,-7.862,123.733,15,5.09,101,60,171,195,82,30,5.42,16,"1.61","-2.69","0.8","-0.13","-4.2",-2.41
2005/12/21,07:09:04.500,-0.8,124.6,33,5.2,259,31,140,24,71,65,,,,,,,,
2005/12/21,07:09:05.010,-0.196,124.732,30,6.35,24,71,65,259,31,140,4.1,18,"-0.63","3.01","2.44","0.45","-1.69",-1.81
2006/01/03,11:00:17.300,-0.24,119.94,12,5,89,75,-170,356,80,-15,4.02e+23,23,,,,,,
2006/01/31,16:40:51.340,1.57,117.898,15,5.4,120,38,93,297,52,88,1.59,17,"-0.3","0.15","1.51","-0.37","0.69",-1.2
2006/02/07,17:56:04.300,-0.64,124.05,13.9,5,14,35,-5,108,87,-125,3.42e+23,23,,,,,,
2006/03/17,14:21:37.220,-5.17,123.108,15,5.58,318,75,51,210,42,156,2.92,17,"-2.77","1.58","1.24","-0.83","0.93",1.53
2006/05/19,14:44:24.360,-0.224,124.796,35,6.29,22,72,56,267,38,149,3.29,18,"-0.05","2.52","1.68","-0.07","-1.46",-1.62
2006/05/19,14:44:29.500,-0.24,125.92,31.4,6.3,267,38,149,22,72,56,3.29e+25,25,,,,,,
2006/05/22,20:53:59,-4.71,126.79,15,6.1,221,80,-2,311,88,-170,,,,,,,,
2006/06/16,02:56:16.620,1.205,121.836,24.4,5.52,69,63,-97,264,27,-76,2.38,17,"0.1","-0.64","-1.9","-1.27","0.43",1.8
2006/06/16,05:35:55,1.25,121.832,36.6,5.33,240,28,-98,69,62,-86,1.25,17,"0.32","-0.2","-1.11","-0.68","0.31",0.79
2006/06/24,21:15:00.980,-0.372,123.294,30,6.3,163,59,35,53,61,143,3.61,18,"-2.46","-0.84","1.47","2.83","-1.21",0.99
2006/06/30,02:49:00.670,-0.448,123.31,36.2,5.05,178,52,51,51,52,129,4.76,16,"-3.46","-1.09","3.73","2.43","-1.82",-0.27
2006/07/17,19:48:29.540,0.231,119.695,35,5.22,351,45,-94,177,45,-86,0.85,17,"0.95","0.01","-0.74","0.03","-0.12",-0.21
2006/07/18,03:27:50,-0.17,124.96,21,5.8,246,30,119,34,64,74,,,,,,,,
2006/07/23,08:22:04.890,-0.397,123.248,35.7,5.95,168,55,37,55,61,139,1.05,18,"-0.75","-0.2","0.55","0.68","-0.43",0.2
2006/07/23,08:31:24,-0.49,123.54,31,5.1,168,55,37,55,61,139,,,,,,,,
2006/07/23,08:45:22,-0.41,123.23,45,5,21,43,107,179,49,75,,,,,,,,
2006/08/15,03:05:11.050,-4.672,126.865,16,5.79,97,62,106,246,32,63,5.93,17,"2.1","-0.47","3.95","2.99","-0.82",-6.05
2006/08/19,19:47:36,1.28,121.79,46.3,4.9,85,37,90,265,53,90,2.39e+23,23,,,,,,
2006/08/21,12:49:14,-2.87,126.21,10,5.4,140,39,79,334,52,99,,,,,,,,
2006/08/21,14:28:36,-2.86,126.21,21,5,175,44,121,314,53,63,,,,,,,,
2006/08/28,19:26:56.460,1.421,122.926,18.9,5.07,92,29,101,260,62,84,5.08,16,"0.41","-0.68","4.02","-2.7","-0.36",-4.44
2006/08/29,02:53:06,-0.35,125.12,36,5.8,223,33,56,81,63,110,,,,,,,,
2006/08/29,10:53:06.430,-0.364,125.178,36,5.77,81,63,110,223,33,56,5.59,17,"-0.13","-0.13","4.01","3.1","-2.52",-3.88
2006/08/29,12:18:14,-0.31,125.09,35,5.1,255,26,86,79,64,92,,,,,,,,
2006/08/31,04:08:27,-0.27,125.06,36,6.1,213,26,54,72,69,106,,,,,,,,
2006/09/25,02:43:37,-0.18,124.83,35,5.7,238,34,82,67,56,96,,,,,,,,
2006/10/23,00:19:21,4.95,125.22,10,5.7,315,27,80,146,63,95,,,,,,,,
2006/10/23,01:40:17.500,4.905,125.28,17.8,5.32,340,20,91,159,70,90,1.22,17,"-0.69","-0.87","0.8","0.33","0.25",-0.11
2006/10/23,01:53:15,4.97,125.38,10,5.3,340,20,91,159,70,90,,,,,,,,
2006/10/23,05:13:40,4.78,125.65,10,5.3,329,25,84,156,66,93,,,,,,,,
2006/10/23,07:27:34,4.93,125.37,16,5.1,331,28,78,165,63,96,,,,,,,,
2006/10/24,03:03:46.470,4.971,125.312,15,5.94,164,62,92,340,28,86,1.02,18,"-0.79","-0.55","0.81","0.14","0.27",-0.02
2006/11/04,07:04:52.470,-4.045,121.637,15,5.19,114,44,-110,320,49,-72,7.72,16,"2.33","-1.63","-7.09","-0.51","-4.21",4.76
2006/11/24,06:33:26.190,-3.738,119.287,31.8,5.07,209,46,110,1,47,70,5.03,16,"-4.89","0.36","4.49","-0.96","-1.54",0.4
2006/12/13,14:46:39.700,-0.56,121.87,22.2,4.9,166,85,-2,256,88,-175,3.1e+23,23,,,,,,
2007/02/20,08:04:27.200,-1.039,127.006,25,6.72,19,75,-138,276,49,-20,1.49,19,"-0.35","-1.15","-0.35","0.32","0.8",0.71
2007/02/20,14:25:28.020,-1.043,126.975,25,5.98,13,80,-129,271,40,-16,1.13,18,"-0.14","-0.92","-0.28","0.17","0.59",0.43
2007/02/24,18:53:41.510,-0.987,126.915,23.6,5.18,261,68,-17,358,74,-158,7.36,16,"1.15","-2.95","-0.15","3","6.18",-1
2007/03/06,00:09:05.550,-1.049,126.914,15,4.99,282,53,-16,22,77,-142,3.83,16,"-1.33","-2.57","-0.74","0.3","2.26",2.07
2007/03/15,12:48:20.900,-3.7,126.18,25.1,5.1,345,83,176,75,86,7,6.36e+23,23,,,,,,
2007/03/31,19:37:18.350,1.305,122.723,25,5.62,275,72,89,100,18,94,3.29,17,"0.12","0.23","1.84","-2.66","0.27",-1.97
2007/04/13,09:14:27.570,-1.02,126.79,33,5.2,16,57,-152,270,67,-37,,,,,,,,
2007/04/20,13:21:01,-0.47,124.57,50,5.2,237,40,107,36,52,76,,,,,,,,
2007/05/06,01:03:15.240,-3.56,123.54,0.6,5.4,96,33,-74,258,58,-100,,,,,,,,
2007/05/06,01:03:44.540,-3.615,123.308,15,5.08,96,33,-74,258,58,-100,5.18,16,"-0.56","0.85","-4.34","2.15","0.35",4.9
2007/08/28,08:51:38,-1.35,119.43,33,5.8,28,19,95,202,71,88,,,,,,,,
2007/08/28,08:51:39.100,-1.444,119.546,16.1,5.18,28,19,95,202,71,88,7.54,16,"-3.83","-5.48","4.7","-2.18","-1.8",-0.88
2007/09/08,16:54:07.500,-0.9,125.82,32.4,5.1,234,37,44,106,65,119,5.37e+23,23,,,,,,
2007/09/24,04:42:13.300,-7.55,122.49,20.9,5.1,129,82,177,220,87,8,5.57e+23,23,,,,,,
2007/12/04,03:37:13.600,2.54,123.46,33,6.3,67,45,78,264,46,102,,,,,,,,
2008/01/03,11:15:49.360,-5.882,122.721,15,5.39,207,48,63,64,49,116,1.54,17,"-0.71","-0.4","1.44","0.44","-0.7",-0.73
2008/01/30,12:48:32.700,-0.27,125.35,42,5.5,244,33,119,30,61,72,1.94e+24,24,,,,,,
2008/02/05,05:56:51.200,-3.536,118.03,40,5.78,261,53,128,28,51,51,5.74,17,"-1.19","2.27","4.43","-1.78","-3.02",-3.24
2008/02/07,07:50:55.700,1.264,122.727,39.5,5.79,271,69,88,98,21,96,5.99,17,"0.47","0.05","3.81","-4.4","0.37",-4.29
2008/02/09,14:37:53.400,-0.3,124.5,45.7,5.1,241,34,116,31,59,73,5.05e+23,23,,,,,,
2008/02/09,18:34:01.680,-0.223,125.125,38,5.96,36,65,75,248,29,119,1.08,18,"-0.27","0.59","0.78","0.31","-0.52",-0.5
2008/04/19,03:12:25.980,-7.809,125.72,15,6.08,184,89,28,93,62,178,1.61,18,"-0.04","-0.74","0.31","-0.28","-1.42",-0.26
2008/04/19,10:21:14.630,-7.877,125.678,23.1,5.94,184,88,34,93,56,177,1,18,"-0.03","-0.53","0.17","-0.17","-0.84",-0.13
2008/04/19,14:53:41.900,-7.875,125.673,15,5.4,74,32,164,177,82,59,1.59,17,"-0.63","-1.3","0.34","-0.06","-0.8",0.3
2008/04/19,16:27:33.100,-7.74,125.84,17.2,4.9,55,29,113,209,63,78,2.59e+23,23,,,,,,
2008/04/19,16:50:46.400,-7.917,125.71,17.3,5.04,102,33,148,220,73,61,4.49,16,"0.87","-2.55","2.05","-1.91","-1.93",-2.93
2008/04/19,18:51:18.680,-7.984,125.681,16.8,5.09,109,59,-164,11,76,-32,5.42,16,"2.81","-2.3","-1.19","-1.68","-3.91",-1.62
2008/04/20,13:01:22.410,-7.881,125.734,15,5.6,231,62,90,51,28,90,3.09,17,"-0.82","-1.11","2.31","-1.35","-1.59",-1.48
2008/04/20,22:09:31.500,-7.81,125.75,16.6,4.9,107,45,117,199,88,45,3.19e+23,23,,,,,,
2008/04/30,08:02:13.200,-7.98,121.8,21.2,5,105,79,175,196,85,11,3.51e+23,23,,,,,,
2008/05/18,06:25:42.600,4.66,118.28,12,5,134,80,8,42,82,170,4.2e+23,23,,,,,,
2008/06/04,01:25:21.940,-0.52,122.742,21.8,5.27,177,63,-20,277,72,-151,1,17,"0.23","0.1","-0.4","0.33","-0.89",0.16
2008/06/04,01:25:24,-0.62,122.66,40,5.8,177,63,-20,277,72,-151,,,,,,,,
2008/08/21,21:30:46.150,-0.338,119.63,35,5.04,230,47,125,4,53,58,4.59,16,"-3.46","1.15","3.77","-1.41","-2.16",-0.32
2008/10/20,04:54:20,0.2,120.64,33,6.5,314,35,35,194,71,120,,,,,,,,
2008/10/26,09:08:36,-0.28,123.05,32,6.4,207,44,36,90,66,128,,,,,,,,
2008/11/16,17:02:32,1.41,122.18,10,7.7,92,20,84,278,70,92,,,,,,,,
2008/11/16,17:02:33.700,1.29,122.077,34,7.35,278,70,92,92,20,84,1.31,20,"0.03","0.15","0.82","-0.99","0.08",-0.85
2009/01/01,10:35:32,-1.48,122,10,5.3,119,29,121,265,66,74,,,,,,,,
2009/01/01,10:35:33.890,1.336,121.888,30,5.07,119,29,121,265,66,74,5.06,16,"1.59","-0.31","3.04","-3.12","0.94",-4.64
2009/02/09,10:47:49.230,1.34,123.494,19.3,5.4,106,18,97,279,72,88,1.56,17,"0","0.18","0.88","-1.26","0.2",-0.88
2009/02/11,04:17:29,0.15,124.55,10,5.6,258,50,139,18,59,48,,,,,,,,
2009/03/02,00:03:41.540,-1.105,119.843,20,5.56,309,50,-87,125,40,-93,2.7,17,"0.77","-0.32","-2.47","0.3","-1.56",1.7
2009/04/04,09:29:46,-2.91,126.64,15,5.2,325,79,180,55,90,11,,,,,,,,
2009/04/12,05:19:57.500,2.14,122.14,29.6,5.2,250,29,37,126,73,114,9.27e+23,24,,,,,,
2009/05/14,09:24:53,-0.26,125.11,15,5.3,249,35,116,39,59,73,,,,,,,,
2009/06/16,17:52:40.540,-4.073,126.415,18.4,5.13,344,80,176,75,86,10,6.24,16,"3.62","0.94","-0.94","0.92","5.25",-2.69
2009/06/28,14:19:28.830,1.351,122.295,29.2,5.68,270,74,88,95,16,96,4.05,17,"0.06","-0.05","2.06","-3.46","0.09",-2.13
2009/07/02,11:29:41,4.65,124.4,27.3,5.2,149,84,5,58,85,174,7.15e+23,23,,,,,,
2009/07/17,07:11:52,2.44,129.98,22.5,5.4,40,42,133,168,61,58,1.47e+24,24,,,,,,
2009/09/08,18:51:23.530,1.165,120.866,25,5.75,262,68,92,78,22,86,5.11,17,"0.52","-0.47","3.26","-3.61","-0.76",-3.78
2009/10/15,18:33:36.370,-3.557,123.228,15,5.75,240,52,-107,87,41,-69,5.23,17,"0.11","1.43","-4.83","0.58","1.48",4.72
2009/10/18,08:23:24.720,-3.62,123.242,15,5.39,84,50,-55,217,51,-124,1.52,17,"0.12","0.47","-1.21","-0.26","0.84",1.09
2009/10/18,08:26:13.590,-3.572,123.262,15,5.49,72,38,-89,250,52,-91,2.1,17,"0.11","0.19","-2.02","0.47","0.7",1.91
2009/10/18,17:21:59,-7.34,125.93,10,5.6,318,69,169,52,79,21,,,,,,,,
2009/10/18,17:21:59.600,-7.38,126.05,20.3,4.9,318,69,169,52,79,21,3.35e+23,23,,,,,,
2009/10/31,00:14:08,1.28,120.75,10,5.6,87,24,96,260,66,87,,,,,,,,
2009/10/31,00:14:09.070,1.18,120.975,38.1,5.16,87,24,96,260,66,87,7.01,16,"0.24","-0.89","5.06","-4.6","-0.65",-5.3
2009/11/11,22:01:15.060,-7.998,118.877,17.6,4.98,88,22,96,262,68,88,3.74,16,"0.21","-0.41","2.49","-2.64","-0.27",-2.71
2010/01/08,08:15:25.100,-0.5,120,19.9,4.8,73,65,-179,343,89,-25,2.25e+23,23,,,,,,
2010/01/21,17:00:48,1.66,122.21,15,5.2,96,22,97,269,69,87,,,,,,,,
2010/04/05,10:05:44.840,-0.128,125.011,30,6.12,86,80,101,220,15,45,1.9,18,"0.27","0.15","0.51","1.71","-0.44",-0.77
2010/04/05,12:11:04,-0.17,125.14,15,5.4,267,28,90,87,62,90,,,,,,,,
2010/04/05,12:11:06.700,-0.4,125.17,44.3,5.1,267,28,90,87,62,90,6.11e+23,23,,,,,,
2010/04/05,14:40:13,-0.25,125.17,10,5.4,244,32,58,101,64,108,,,,,,,,
2010/04/05,14:40:17,-0.29,125.17,37.4,5,244,32,58,101,64,108,4.72e+23,23,,,,,,
2010/05/08,05:39:28,-0.8,122.41,10,5.8,128,39,-62,273,56,-111,,,,,,,,
2010/05/12,23:07:53,-1.25,120.09,11,5.1,336,68,-16,73,75,-157,,,,,,,,
2010/06/07,15:27:14,-0.31,124.69,30,5.2,227,29,87,50,61,91,,,,,,,,
2010/06/12,03:49:56.820,1.033,120.062,20,5.13,43,18,63,251,74,98,6.3,16,"-0.24","-1.62","2.9","-5.05","-2.08",-2.66
2010/06/16,00:52:55.770,-1.478,119.397,15,5.36,348,66,0,79,90,-156,1.38,17,"-0.6","-0.36","0.33","-0.5","-1.18",0.27
2010/06/17,16:35:33.400,-1.202,123.749,28.5,5.11,218,61,158,319,71,30,5.74,16,"-5.59","0.65","1.74","-2.83","0.15",3.85
2010/06/17,16:35:34,-1.27,123.66,10,5.5,218,61,158,319,71,30,,,,,,,,
2010/06/17,16:35:35,-1.19,123.68,28.5,5.1,218,61,158,319,71,30,5.74e+23,23,,,,,,
2010/08/25,08:55:52,-0.98,124.68,10,5.6,161,34,83,350,56,95,,,,,,,,
2010/08/25,08:55:54.200,-0.88,124.84,36.2,5.1,161,34,83,350,56,95,5.17e+23,23,,,,,,
2010/10/16,15:44:32,-7.29,125.67,10,6.1,93,43,87,277,47,93,,,,,,,,
2010/10/25,12:05:28,-0.2,125.29,10,5.8,236,29,108,35,63,80,,,,,,,,
2010/11/03,05:11:31.650,-7.613,126.494,20,5.01,108,72,169,202,80,19,4.14,16,"2.3","-1.46","0.38","0.22","-2.94",-2.68
2010/11/18,05:05:38.100,-4.76,126.56,19,5,82,76,4,351,86,166,3.77e+23,23,,,,,,
2010/11/18,17:08:04,-5.93,122.05,11,4.9,62,29,139,188,72,67,,,,,,,,
2010/12/12,15:59:19.800,-5.96,117.58,16.6,5.4,156,77,-168,64,78,-13,1.41e+24,24,,,,,,
2011/01/08,04:10:55.820,-0.089,124.93,50,5.65,33,61,77,239,32,113,3.7,17,"-1.45","1.83","3","0.72","-1.77",-1.55
2011/01/08,08:15:13,-0.85,119.78,23,5.3,73,74,-178,343,88,-16,,,,,,,,
2011/01/10,08:35:34.200,1.06,123.27,34.7,4.9,266,26,-103,100,65,-84,2.83e+23,23,,,,,,
2011/02/15,13:33:53.490,-2.446,121.487,20,6.07,19,87,161,110,71,3,1.6,18,"-0.84","0.43","-0.14","0.35","1.15",0.98
2011/04/24,23:07:52.840,-4.451,122.857,15,6.13,236,81,-148,141,58,-10,1.9,18,"-1.41","0.8","-0.26","0.66","-0.47",1.67
2011/05/05,08:45:24,0.01,124.59,10,5.1,240,39,110,35,54,75,,,,,,,,
2011/05/06,06:46:24,-0.14,123.02,35,6.1,59,40,126,195,59,64,,,,,,,,
2011/06/28,09:50:00.900,4.722,125.331,15,5.35,28,22,100,197,68,86,1.3,17,"-0.95","-0.89","0.62","-0.29","-0.56",0.34
2011/07/01,02:38:46,-0.97,121.77,10,5.2,110,48,-148,357,67,-47,,,,,,,,
2011/07/01,02:38:46.130,0.972,121.779,27,5.02,110,48,-148,357,67,-47,4.23,16,"1.88","-2.24","-2.23","-1.11","-2.71",0.35
2011/07/11,08:53:55.020,-4.074,121.732,12.3,5.49,131,45,-79,296,46,-100,2.1,17,"0.56","0.18","-2.01","0.18","-1.07",1.46
2011/07/11,11:38:37.930,-4.083,121.721,15,5.21,142,45,-75,301,47,-105,0.8,17,"0.36","0.12","-0.81","0.13","-0.34",0.45
2011/08/03,22:52:16,-0.14,125.35,45,5.3,227,36,90,47,54,90,,,,,,,,
2011/09/18,23:09:19.730,-2.111,125.155,15,5.13,334,37,104,136,54,79,6.11,16,"-3.84","-0.98","5.5","1.73","3.1",-1.65
2011/11/14,04:05:11.830,-0.969,126.875,20,6.4,24,84,-124,284,35,-11,5,18,"-1.62","-4.21","-0.95","-0.53","1.7",2.57
2011/11/23,22:05:57.300,1.4,121.57,20.5,5,354,42,-100,187,48,-81,4.06e+23,23,,,,,,
2011/12/01,22:53:37.490,-0.642,121.929,17,5.47,10,51,-28,119,68,-137,2,17,"1.38","0.04","-0.95","-1.07","-1.16",-0.43
2011/12/02,05:19:29,0.14,120.39,41,5.9,300,42,26,189,73,129,,,,,,,,
2011/12/07,13:38:27.210,-1.458,126.524,20,5.82,346,49,-75,143,43,-107,6.7,17,"5.56","-1.14","-6.01","-0.65","-3.08",0.45
2011/12/19,01:23:25,-1.17,119.48,10,5.6,17,21,72,216,70,97,,,,,,,,
2012/01/18,01:19:34.890,-0.927,126.911,25,5.04,259,42,-15,360,80,-132,4.42,16,"0.01","-3.36","-0.78","2.24","2.6",0.76
2012/01/18,12:50:19.650,-0.895,126.791,15,5.75,34,88,-108,297,18,-7,6.2,17,"-1.53","-5.13","-0.75","-2.96","0.43",2.28
2012/01/18,16:09:09.490,-0.919,126.782,15,5.05,270,19,-3,3,89,-109,4.55,16,"-0.52","-4.32","-0.51","0.26","1.39",1.04
2012/01/20,22:50:50,4.9,125.38,10,5.4,337,85,-4,67,86,-175,,,,,,,,
2012/02/08,08:52:23.900,-0.35,119.93,12.7,4.8,250,62,-161,151,73,-30,1.85e+23,23,,,,,,
2012/02/11,07:06:47.730,-0.978,126.883,15,5.62,264,67,-42,13,52,-150,3.4,17,"0.61","-1.26","-1.48","1.95","2.16",0.87
2012/02/13,14:47:02.400,-6.33,124.34,10,4.8,36,82,-4,127,86,-172,,,,,,,,
2012/04/16,02:17:50,-2.59,121.85,10,5.7,118,44,1,27,89,134,,,,,,,,
2012/04/16,18:01:15.500,-2.65,121.94,15,5.3,121,59,4,29,86,149,1.26e+24,24,,,,,,
2012/04/21,13:23:36,1.84,121,10,4.9,12,57,3,280,88,147,,,,,,,,
2012/04/27,10:29:39.500,-2.63,121.87,16.4,5.2,129,54,8,34,83,144,7.87e+23,23,,,,,,
2012/05/01,13:59:40.740,-2.618,121.939,15,5.3,111,54,-3,203,88,-144,1.11,17,"-0.59","0.61","-0.06","0.24","0.65",0.65
2012/05/13,04:46:06,-0.23,123.01,10,5.8,198,40,79,32,51,99,,,,,,,,
2012/05/17,23:50:05,-2.67,122.02,10,5.1,132,68,-2,223,88,-158,,,,,,,,
2012/05/19,05:10:36,-0.23,125.56,10,5,90,60,28,346,66,147,,,,,,,,
2012/05/28,16:44:10.700,4.66,118.26,13.9,4.8,110,52,-16,210,77,-141,2.33e+23,23,,,,,,
2012/06/01,13:59:42.200,-2.63,122.02,12,5.3,111,54,-3,203,88,-144,1.11e+24,24,,,,,,
2012/07/20,18:14:53.100,-7.97,123.77,12,5.2,93,29,114,247,64,77,6.9e+23,23,,,,,,
2012/08/18,09:41:53,-1.21,120.08,10,6.2,339,83,-5,70,85,-173,,,,,,,,
2012/10/05,15:44:04.700,-0.16,123.72,10,5,268,27,113,62,66,79,,,,,,,,
2012/10/14,03:42:23,4.61,125.02,22.3,4.9,330,76,174,61,85,14,2.93e+23,23,,,,,,
2012/10/29,15:29:50.500,-0.17,125.33,16,5.5,242,29,113,36,63,78,,,,,,,,
2012/11/01,23:37:02,1.28,122.12,45,5.2,105,22,99,275,68,86,,,,,,,,
2012/11/01,23:37:17.970,1.198,122.131,35,5.51,276,67,87,103,23,96,2.3,17,"0.26","0.15","1.5","-1.62","0.33",-1.76
2012/11/04,23:46:36,4.55,124.95,10,5.2,11,61,172,105,83,29,,,,,,,,
2012/11/05,00:29:59,-0.17,125.33,10,5.2,248,33,117,36,61,73,,,,,,,,
2012/11/05,00:55:36.570,4.727,125.194,15,5.26,19,63,172,113,83,27,0.98,17,"-0.71","-0.2","0.29","0.35","0.69",0.42
2012/11/06,01:36:21,1.45,122.21,10,5.7,102,20,101,270,70,86,,,,,,,,
2012/11/06,01:38:23.400,1.82,122.2,38.8,5.6,93,28,91,272,62,89,2.83e+24,24,,,,,,
2012/11/09,15:07:50.600,-7.96,117.55,20.7,4.9,79,45,81,272,46,99,2.49e+23,23,,,,,,
2012/12/17,09:16:29.910,-0.675,123.863,35,6.1,224,73,-155,127,66,-18,1.8,18,"-1.47","1.19","-0.04","0.02","0.19",1.51
2013/01/01,15:18:35.300,-1.04,126.97,16.2,4.9,31,47,-159,286,75,-45,2.62e+23,23,,,,,,
2013/03/08,04:55:22.600,-5.19,125.8,19,5.4,132,81,-177,42,87,-9,1.49e+24,24,,,,,,
2013/03/10,04:08:09.800,-0.21,125.77,39.7,5,276,51,161,18,76,40,4.59e+23,23,,,,,,
2013/04/30,10:33:05.370,0.109,119.839,33.6,5.35,330,37,37,210,69,121,1.34,17,"-1.26","-0.67","0.72","-0.45","-0.1",0.53
2013/06/05,19:23:04.100,3,117.74,23.3,4.8,221,78,178,312,88,12,1.87e+23,23,,,,,,
2013/06/26,22:59:01.150,-0.158,124.993,34.8,5.54,33,64,68,256,34,128,2.5,17,"-0.46","1.36","1.76","0.52","-1.31",-1.29
2013/06/30,01:04:20.800,-0.64,119.8,28.2,4.9,330,38,-19,75,79,-126,2.78e+23,23,,,,,,
2013/08/06,22:45:05.100,-1.15,120.95,20.2,4.9,146,74,8,53,82,164,2.88e+23,23,,,,,,
2013/08/15,18:54:47.900,-1.03,121.39,18.3,4.8,346,51,53,215,51,126,2.19e+23,23,,,,,,
2013/08/16,15:44:49.830,-0.912,121.617,16.5,5.27,43,75,169,136,79,15,0.99,17,"-0.76","-0.01","-0.3","0.51","0.01",1.06
2013/08/18,14:54:15.900,-0.59,122.72,12.5,4.8,166,53,-8,261,84,-143,2.08e+23,23,,,,,,
2013/08/27,19:31:35.400,-3.28,123.33,15.2,4.9,175,33,-91,357,57,-89,2.41e+23,23,,,,,,
2013/09/09,21:41:33.470,1.446,122.285,21,5.6,278,68,87,105,22,97,3.2,17,"0.08","0.26","2.13","-2.29","0.47",-2.21
2013/09/10,01:12:38.350,1.407,122.363,21.2,5.37,105,19,98,276,71,87,1.45,17,"0.08","0.11","0.83","-1.14","0.18",-0.91
2013/10/02,02:53:01.900,-4.45,124.1,15.6,4.9,15,44,179,106,89,46,3.12e+23,23,,,,,,
2013/10/14,09:22:17.600,-5.61,122.62,17.1,4.8,8,43,79,202,48,100,1.94e+23,23,,,,,,
2013/12/13,04:28:47.670,-0.907,121.363,15.3,5.05,249,30,-134,117,69,-68,4.67,16,"0.27","2.67","-3.37","-2.36","0.37",3.1
2014/02/02,02:59:24.100,-1.25,126.26,18.3,5.1,352,29,-82,163,61,-94,5.4e+23,23,,,,,,
2014/02/18,03:34:10.800,1.93,122.97,16.7,5.3,110,32,-92,292,58,-89,9.81e+23,24,,,,,,
2014/02/23,15:06:52.210,-1.097,120.248,24.8,5.4,114,28,-79,282,63,-96,1.56,17,"0.03","-0.14","-1.22","0.9","-0.41",1.18
2014/05/22,02:40:00.590,-4.314,122.858,15,4.96,144,59,-3,236,87,-149,3.52,16,"-2.4","0.13","-1.23","2","-0.7",3.62
2014/05/29,01:16:51.200,-0.3,125.18,32,5.2,264,37,141,27,68,59,7.51e+23,23,,,,,,
2014/07/15,02:38:00.600,-0.17,120.02,39.7,4.9,147,32,54,8,65,110,3.23e+23,23,,,,,,
2014/09/10,02:46:06.940,-0.202,125.053,29.2,6.27,32,65,72,251,30,124,3.23,18,"-0.84","1.98","2.41","0.63","-1.28",-1.57
2014/09/10,05:16:53.200,-0.21,125.097,30,5.89,28,66,66,255,33,132,0.86,18,"-0.19","0.57","0.62","0.08","-0.34",-0.43
2014/09/10,07:30:53,-0.31,125.08,33.8,5.1,252,45,121,32,53,62,5.94e+23,23,,,,,,
2014/09/10,09:33:02,-0.42,125.16,31.3,5.3,250,33,122,34,62,71,1.28e+24,24,,,,,,
2014/09/23,10:22:20.800,0.23,120.04,46.1,5.3,159,48,-176,66,87,-42,1.19e+24,24,,,,,,
2014/11/28,12:42:06.700,2.4,121.55,43.5,5,69,66,16,332,75,155,3.49e+23,23,,,,,,
2014/12/03,00:27:05.640,-2.928,122.383,19.8,5.63,38,81,158,131,69,10,3.48,17,"-3.47","0.7","0.6","1.01","0.57",2.87
2014/12/03,02:33:20.900,-2.8,122.56,27.4,5,125,62,11,30,80,152,3.44e+23,23,,,,,,
2015/01/01,22:20:03,-2.09,120.95,19.9,4.7,39,70,173,131,84,20,1.58e+23,23,,,,,,
2015/01/15,00:09:24.820,0.158,120.026,35,5.1,174,19,-143,49,79,-75,5.69,16,"2.41","-3.08","-2.16","-4.06","1.06",-0.25
2015/01/19,17:19:46.940,4.627,119.761,18.2,5.63,198,37,128,334,61,65,3.57,17,"-3.35","1.26","2.65","-1.3","0.36",0.7
2015/02/04,17:41:44.900,-0.31,125.1,37.5,5.3,237,35,116,26,59,73,1.25e+24,24,,,,,,
2015/02/08,15:09:06.920,-2.494,119.435,17.6,5.53,52,43,-159,307,76,-49,2.52,17,"-1.49","-0.54","-1","1.49","-0.36",2.5
2015/03/15,23:17:16.310,-0.59,122.378,25.1,6.06,263,29,-161,157,81,-62,1.55,18,"-0.16","1.25","-0.42","-0.41","-0.64",0.58
2015/04/24,05:28:08.200,-0.14,124.28,49.1,5.3,248,43,136,13,62,56,1.29e+24,24,,,,,,
2015/06/13,23:45:43.500,-0.28,124.46,41.5,4.9,228,35,109,25,57,77,2.7e+23,23,,,,,,
2015/09/06,00:20:05.100,-1.12,121.02,18.1,4.8,52,70,165,147,76,20,1.82e+23,23,,,,,,
2015/09/12,23:39:17.100,-0.66,122.25,17.6,5,167,45,-7,262,85,-135,4.28e+23,23,,,,,,
2015/09/25,08:47:51.600,1.52,122.89,27.8,4.9,101,21,96,275,70,88,2.46e+23,23,,,,,,
2015/12/20,18:47:36.810,3.662,117.683,16,6.05,94,79,4,3,86,169,1.49,18,"-0.26","0.27","0.15","0.08","1.45",0.11
2016/03/12,04:25:59.610,-7.947,125.741,18.2,5.21,122,51,-172,27,84,-39,8.35,16,"5.22","-3.79","-0.41","-4.41","-3.7",-4.81
2016/03/16,12:04:54.700,4.67,125.01,15.1,5.2,10,71,-4,101,86,-161,7.07e+23,23,,,,,,
2016/03/16,13:09:53.230,4.732,125.153,13.4,5.56,102,89,-163,12,73,-2,2.8,17,"1.02","0.01","0.16","-0.83","-2.44",-1.18
2016/03/25,06:25:58.100,-0.89,126.85,21.5,4.8,299,65,13,204,78,154,2.1e+23,23,,,,,,
2016/06/05,10:38:30.100,-2.95,125.4,19.1,4.9,323,39,90,143,51,90,2.86e+23,23,,,,,,
2016/06/30,10:46:17.100,1.19,121.77,44.4,4.9,98,36,91,278,54,90,2.8e+23,23,,,,,,
2016/07/07,09:55:55.180,-7.932,126.766,25.6,4.99,91,47,114,239,48,67,3.86,16,"0.03","-1.07","3.54","0.22","-1.03",-3.58
2016/07/07,10:12:06,-7.99,126.76,13.3,5.3,81,46,122,219,52,61,1.09e+24,24,,,,,,
2016/07/18,21:16:33.500,-2.4,126.28,22.9,4.9,301,45,53,168,55,121,3.23e+23,23,,,,,,
2016/09/07,14:32:40.040,-0.952,120.418,18.1,5.27,159,38,-22,267,76,-126,1.01,17,"-0.21","-0.05","-0.37","0.69","-0.6",0.59
2016/10/16,01:23:21.100,-2.65,126.69,17.1,4.9,152,46,115,298,49,66,2.61e+23,23,,,,,,
2016/11/29,03:53:55,0.04,125.38,32.2,5,27,41,129,160,59,61,4.7e+23,23,,,,,,
2016/12/23,19:15:39.400,-0.35,124.55,42.1,4.9,234,35,117,23,59,72,2.82e+23,23,,,,,,
2017/01/13,16:39:25.440,-0.081,124.969,46.8,5.66,33,63,71,250,32,123,3.83,17,"-1.06","2.2","3.02","0.62","-1.57",-1.95
2017/04/20,16:54:01.500,-1.14,120.08,21,4.8,63,67,-159,324,71,-24,1.73e+23,23,,,,,,
2017/04/24,06:13:50.900,-0.3,125.24,39,5.4,250,33,123,32,63,70,1.36e+24,24,,,,,,
2017/05/19,11:44:03.470,-1.126,126.921,30.8,5.06,300,25,65,147,67,101,4.95,16,"-1.6","-3.05","3.43","1.59","1.96",-1.83
2017/05/24,09:10:17,-2.76,122.15,16,5.7,119,41,-8,215,85,-131,4.34e+24,24,,,,,,
2017/05/29,14:35:23.240,-1.297,120.427,16.8,6.58,277,57,-98,111,34,-78,0.94,19,"-0.11","-0.01","-0.77","0.38","-0.26",0.89
2017/05/31,04:42:05.400,-1.01,120.69,17.9,4.9,130,65,2,39,88,154,3.13e+23,23,,,,,,
2017/06/02,05:59:17,-1.25,120.48,18.1,4.9,139,59,-29,245,66,-146,2.6e+23,23,,,,,,
2017/06/17,14:23:48.800,-2.62,121.81,15.7,5.3,129,45,-3,221,88,-135,1.01e+24,24,,,,,,
2017/07/27,12:08:38.280,-3.623,126.137,20.1,5.78,260,90,-3,350,87,-180,5.88,17,"2.76","0.15","-1.53","0.3","5.52",-1.23
2017/08/09,21:30:18.080,-7.634,121.899,20.9,4.96,111,72,-167,17,78,-19,3.5,16,"2.47","-0.69","-0.86","-0.72","-2.6",-1.61
2017/08/31,22:57:39.400,-0.33,125.2,35.1,5.4,247,32,116,37,61,75,1.86e+24,24,,,,,,
2017/11/02,17:02:15.400,-1.29,120.23,14.8,4.9,268,30,-143,145,72,-65,3.1e+23,23,,,,,,
2017/11/25,09:14:50.920,-1.328,119.94,20,5.02,64,74,-179,334,89,-16,4.32,16,"-2.82","-0.91","-0.83","0.72","-2.62",3.65
2017/11/25,11:11:24.590,-1.314,120.013,19.1,5.07,67,84,178,157,88,6,5,16,"-2.98","-0.41","-1.18","0.61","-3.44",4.16
2018/01/26,10:43:46.680,-1.149,126.876,27.2,5.64,298,10,25,183,86,99,3.67,17,"-0.74","-3.57","0.44","-0.2","0.54",0.31
2018/01/31,02:00:32.600,-7.871,118.823,23.9,5.1,77,70,1,347,89,160,5.62,16,"3.21","2.11","-1.44","0.5","4.65",-1.77
2018/02/14,21:28:55.100,-1.34,120.48,26.8,4.8,275,38,-97,104,53,-85,2.04e+23,23,,,,,,
2018/02/26,13:34:53.160,-2.735,126.735,9.9,6,315,26,72,155,65,99,1.26,18,"-0.68","-0.74","0.84","0.31","0.61",-0.16
2018/02/27,09:20:44.300,-2.65,126.85,14.4,4.9,304,44,55,168,55,119,3.28e+23,23,,,,,,
2018/03/04,03:10:39,-0.5,123.21,49.3,5.2,144,67,22,46,70,156,8.14e+23,24,,,,,,
2018/05/18,20:26:00.200,1.026,120.005,25.7,5.19,64,17,84,250,73,92,7.59,16,"-0.27","-2.13","3.95","-5.96","-1.75",-3.68
2018/05/18,20:31:38.150,1.033,120.034,24.5,5.1,63,36,79,256,55,98,5.65,16,"-2.1","0.25","6.16","-1.99","-0.97",-4.06
2018/07/22,18:28:42.250,4.659,125.004,26.1,5.23,50,75,175,141,85,15,0.87,17,"-0.75","-0.1","-0.12","0.25","-0.17",0.88
2018/09/18,09:25:29.940,-7.447,125.79,17.7,4.97,53,45,59,273,53,117,3.63,16,"-0.09","1.18","3.21","-0.83","-1.07",-3.11
2018/09/21,23:20:33.300,-0.78,119.67,30.2,4.9,7,34,56,226,62,111,2.52e+23,23,,,,,,
2018/09/28,07:00:02.220,-0.345,119.852,25.4,6.06,359,66,-14,95,77,-155,1.57,18,"0.24","-0.26","-0.29","-0.62","-1.39",0.04
2018/09/28,08:24:57.600,-0.4,120.02,12,5.2,181,77,-1,272,89,-167,8.63e+23,23,,,,,,
2018/09/28,10:02:44.970,-0.273,119.895,23,7.57,348,57,-15,87,77,-146,2.83,20,"-0.27","-0.87","-0.48","-1.45","-2.19",0.76
2018/09/28,21:24:01.200,-1.44,120.22,12,5,127,59,4,35,87,149,4.35e+23,23,,,,,,
2018/09/29,02:32:51.700,-1.51,120.19,22.3,4.9,52,76,-176,321,86,-14,2.48e+23,23,,,,,,
2018/09/29,07:40:10.900,-1.51,120.15,14.7,5,101,38,-69,254,54,-106,3.45e+23,23,,,,,,
2018/09/29,10:30:17.900,-1.43,120.19,12,5.1,116,37,-56,256,60,-112,5.78e+23,23,,,,,,
2018/09/30,14:38:43.300,-1.25,120.24,26.1,5.1,111,35,-86,286,55,-93,6.58e+23,23,,,,,,
2018/10/01,05:43:34.400,0,119.65,15,5.3,311,27,12,211,85,116,1.24e+24,24,,,,,,
2018/10/01,17:39:03.900,-0.52,119.89,12,5.8,258,76,167,351,78,14,1.99e+23,23,,,,,,
2018/10/01,23:46:40.480,-0.695,119.867,24.2,5.34,349,38,-3,81,88,-128,1.27,17,"-0.32","-0.05","-0.07","-1","-0.72",0.4
2018/10/02,04:59:26.100,-1.44,119.95,15,5.4,115,13,6,19,89,103,1.54e+24,24,,,,,,
2018/10/08,21:15:55.200,-0.87,120.04,27,4.9,145,33,-48,278,66,-114,2.38e+23,23,,,,,,
2018/10/10,17:34:26.300,1.43,121.52,22.6,4.8,186,44,-76,347,48,-103,1.85e+23,23,,,,,,
2018/10/11,02:55:45.650,-5.087,126.646,19,5.66,325,78,170,57,81,12,3.93,17,"3.41","1","0.14","0.32","1.47",-3.56
2018/10/22,16:07:48.800,-1.65,120.23,22.1,5.1,47,72,-165,312,76,-18,6.05e+23,23,,,,,,
2018/11/02,21:06:31.200,-1.24,120.46,14.4,4.8,120,37,-80,287,54,-98,1.91e+23,23,,,,,,
2018/11/02,21:33:36.300,-1.25,120.41,13.1,5,124,44,-60,264,53,-116,3.81e+23,23,,,,,,
2018/11/03,08:44:06.600,-2.82,119.54,12,4.7,6,64,173,99,84,26,1.51e+23,23,,,,,,
2018/11/05,18:35:56,-2.83,119.48,12,5.2,121,51,2,30,89,141,8.08e+23,23,,,,,,
2018/11/06,02:09:51.180,3.469,125.34,31,5.07,357,23,81,187,67,94,5.03,16,"-3.96","-3.45","3.29","-0.48","-0.2",0.67
2018/11/07,09:42:27,-2.86,119.42,12,5.3,76,27,-68,232,65,-101,1.04e+24,24,,,,,,
2018/11/08,13:40:15.200,-2.81,119.52,12,5,8,68,175,99,86,22,4.01e+23,23,,,,,,
2018/11/14,23:01:21.620,-2.878,119.436,15.9,5.53,77,28,-60,223,66,-105,2.48,17,"-0.01","1.03","-1.28","1.17","1.79",1.29
2018/11/14,23:31:25.900,-2.79,119.58,12.7,4.9,87,49,-8,182,84,-139,3.21e+23,23,,,,,,
2018/11/15,03:55:03.400,-2.99,119.33,15,5,55,22,-29,171,80,-110,4.07e+23,23,,,,,,
2019/03/03,10:45:07,-1.48,120.29,19.7,4.9,109,41,-54,245,58,-117,3.03e+23,23,,,,,,
2019/03/04,18:13:04.300,-2.43,121.47,16.7,4.7,111,53,-14,209,79,-142,1.62e+23,23,,,,,,
2019/03/13,01:51:18,0.12,119.67,22.5,4.9,60,60,164,158,76,31,2.43e+23,23,,,,,,
2019/03/16,07:30:42.300,-0.98,126.7,28.8,5.4,326,17,70,167,74,96,1.7e+24,24,,,,,,
2019/03/24,01:32:03,-1.77,120.53,12.3,5.5,136,41,63,350,54,112,2e+24,24,,,,,,
2019/04/12,11:40:57,-1.85,122.56,12,6.8,43,83,-175,313,85,-7,1.77e+26,26,,,,,,
2019/04/12,20:15:08.800,-1.63,122.65,19.3,4.9,342,45,70,189,49,109,2.47e+23,23,,,,,,
2019/04/24,18:42:20.200,-0.78,125.92,19.8,5.3,251,16,72,90,75,95,1.27e+24,24,,,,,,
2019/04/25,21:57:48.800,-1.81,122.52,17.9,5.4,27,68,-162,290,74,-23,1.6e+24,24,,,,,,
2019/05/21,18:42:47.200,1.16,122.16,46.4,5.1,93,39,92,270,51,88,5.3e+23,23,,,,,,
2019/06/09,14:27:16.400,-2.84,119.44,15.1,4.8,351,58,-167,255,79,-32,1.76e+23,23,,,,,,
2019/06/28,13:21:55.100,-2.6,121.65,12,4.7,129,72,5,38,85,162,1.62e+23,23,,,,,,
2019/09/04,18:09:46.900,-0.21,126.01,27.8,5.1,83,47,124,218,52,59,5.3e+23,23,,,,,,
2019/10/13,19:35:15.800,-0.11,124.65,25,5.3,195,13,14,91,87,102,9.95e+23,24,,,,,,
2019/10/18,13:18:43.300,4.85,125.12,32.3,5,192,39,78,27,52,99,3.45e+23,23,,,,,,
2019/11/12,02:48:32.100,1.58,123.46,29,5,85,34,61,299,61,108,3.63e+23,23,,,,,,
2019/12/11,17:48:32.700,-0.37,125.17,35.6,4.8,220,32,92,39,58,89,2.29e+23,23,,,,,,
2019/12/29,09:12:17.800,4.72,125.3,21.2,5.4,352,21,91,172,69,90,1.72e+24,24,,,,,,
2020/01/02,11:25:05.100,-5.69,125.04,12,5.5,128,70,169,222,80,20,2.5e+24,24,,,,,,
2020/02/23,02:08:07.500,-0.38,125.22,32.5,5.4,241,32,107,41,60,80,1.83e+24,24,,,,,,
2020/02/23,03:39:55.800,-0.42,125.37,36.5,5,255,33,123,38,62,70,4.72e+23,23,,,,,,
2020/03/16,10:59:14,-1.26,126.45,24.9,4.8,323,58,-152,217,67,-35,2.13e+23,23,,,,,,
2020/03/22,03:34:57.200,1.6,121.98,28,5.2,91,20,91,271,70,90,6.77e+23,23,,,,,,
2020/03/28,15:43:20.200,-1.68,120.18,18.9,5.8,36,86,177,126,87,4,7.31e+24,25,,,,,,
2020/04/02,02:13:13.500,-7.87,125.8,15.6,5.5,11,71,-16,106,75,-161,2.02e+24,24,,,,,,
2020/04/13,06:44:26.300,3.87,125.29,24.4,4.9,18,22,106,182,69,84,3.32e+23,23,,,,,,
2020/06/09,04:59:14.700,-4.15,126.34,23,5.7,332,77,-177,242,87,-13,4.76e+24,24,,,,,,
2020/06/15,23:36:32.900,-2.68,122.16,12,4.9,115,32,-7,210,86,-121,3.24e+23,23,,,,,,
2020/08/07,03:00:42.200,-3.81,126.21,19,5.4,252,79,-5,343,85,-169,1.68e+24,24,,,,,,
2020/09/13,17:00:01.400,-1.92,119.27,31.1,4.9,7,36,84,194,54,95,3.15e+23,23,,,,,,
2020/10/09,02:57:22.400,-5.87,122.57,12,5.3,354,32,54,215,65,110,1.2e+24,24,,,,,,
2020/10/27,19:43:56.500,-2.22,119.07,21.4,5.5,167,46,46,41,59,126,2.33e+24,24,,,,,,
2020/10/28,09:09:00.500,-0.36,124.45,39.8,5.4,240,35,116,30,59,73,1.38e+24,24,,,,,,
2020/12/02,20:36:27.200,-3.4,123.38,15.5,5.4,150,14,74,346,76,94,1.79e+24,24,,,,,,
2020/12/24,01:24:16.100,-0.35,124.39,37.4,5.2,247,33,107,47,59,79,9.43e+23,24,,,,,,
2020/12/28,07:31:11.600,-0.26,124.55,40.6,5.2,230,29,87,53,61,91,7.23e+23,23,,,,,,
2021/01/03,19:14:00.400,-2.66,122.25,13.2,5,95,32,-13,196,83,-122,3.8e+23,23,,,,,,
2021/01/11,01:57:30.400,1.31,119.97,25,5.3,60,15,82,247,75,92,1.09e+24,24,,,,,,
2021/01/14,06:35:54,-2.84,118.85,20.7,5.7,353,28,60,206,66,105,4.09e+24,24,,,,,,
2021/01/14,18:28:23.500,-2.82,118.85,18.2,6.3,330,17,59,183,75,99,3.46e+25,25,,,,,,
2021/02/04,09:58:05.900,-2.59,122.51,29.2,4.9,69,43,-109,275,50,-73,2.48e+23,23,,,,,,
2021/02/05,20:34:47.500,-0.26,124.42,41.2,4.8,236,34,113,29,59,75,2.1e+23,23,,,,,,
2021/02/14,09:44:48.300,1.23,119.94,28.6,5.1,47,19,77,241,72,94,5.81e+23,23,,,,,,
2021/02/22,19:22:14,1.56,121.92,28.1,5.9,96,20,95,270,70,88,7.62e+24,24,,,,,,
2021/04/14,00:25:28.200,-0.35,125.35,41.4,4.9,239,33,108,38,58,78,2.52e+23,23,,,,,,
2021/04/30,22:34:30.500,-1.52,120.19,17.2,4.7,87,42,-82,257,48,-97,1.42e+23,23,,,,,,
2021/05/29,01:25:16.800,1.22,119.95,25,5.2,66,10,83,254,80,91,9.34e+23,23,,,,,,
2021/07/21,17:44:04.900,-2.86,119.43,12,5.2,81,34,-60,226,61,-109,7.96e+23,23,,,,,,
2021/07/26,03:52:05.800,-0.64,121.95,12,5.7,138,41,-61,281,55,-113,5.22e+24,24,,,,,,
2021/07/26,12:09:10.400,-0.68,121.97,12,6.2,139,42,-59,280,55,-115,2.77e+25,25,,,,,,
2021/08/26,02:14:24.300,-0.73,121.52,12,5.8,138,75,6,47,84,165,5.4e+24,24,,,,,,
2021/09/15,00:49:49.100,1.3,122.05,40.2,5.2,2,53,35,249,62,138,7.84e+23,23,,,,,,
2021/10/30,11:11:45.400,-7.5,125.61,17.8,5.5,47,33,60,262,62,108,2.14e+24,24,,,,,,
2021/11/06,03:56:20.800,-1.29,120.65,16.1,5.1,234,60,-157,131,70,-32,5.73e+23,23,,,,,,
2021/11/08,05:06:01.900,-0.72,123.62,36.2,5,158,40,37,38,67,124,4.57e+23,23,,,,,,
2021/12/14,03:20:35.300,-7.46,121.97,13.5,7.3,19,71,1,288,89,161,1.3e+27,27,,,,,,
2021/12/30,13:13:20.200,-0.27,125.16,36.3,5.6,247,32,119,33,62,73,3.16e+24,24,,,,,,
2022/01/14,16:43:27.300,-7.74,118.72,12,4.9,40,44,-129,268,57,-59,2.69e+23,23,,,,,,
2022/01/19,15:53:30,-4.47,124.08,14.7,4.8,293,85,0,203,90,175,2.27e+23,23,,,,,,
2022/03/25,13:20:16.200,-3.75,122.9,18.6,4.7,176,63,21,76,72,152,1.57e+23,23,,,,,,
2022/03/26,13:16:54.300,-3.75,122.75,15.1,5.2,75,70,168,169,79,21,7.51e+23,23,,,,,,
2022/04/22,19:49:29.500,-2.72,122.34,12,4.8,100,76,-2,190,88,-166,1.69e+23,23,,,,,,
2022/04/29,21:42:03,-0.35,124.55,37.8,5,233,29,104,37,62,82,3.85e+23,23,,,,,,
2022/06/02,17:31:27.200,-2.06,120.6,16.4,4.7,126,74,-5,217,85,-164,1.58e+23,23,,,,,,
2022/06/08,05:32:41.600,-2.7,118.5,34.9,5.9,327,53,6,234,85,143,1.01e+25,25,,,,,,
2022/07/23,06:09:19.400,-7.55,122.45,16.5,5.4,120,67,165,217,76,24,1.65e+24,24,,,,,,
2022/07/23,07:35:49,-7.57,122.44,14.8,5.5,87,37,98,257,54,84,2.12e+24,24,,,,,,
2022/07/29,16:31:18.200,-2.35,122.69,12,5,37,71,-178,307,88,-19,4.58e+23,23,,,,,,
2022/08/21,05:08:36.600,-0.35,125.26,35.9,4.9,257,49,148,12,69,51,3.01e+23,23,,,,,,
